FID,OBJECTID,NAME,zip code,WADDRESS,DWEBSITE,DEMAIL,DPHONE,NC_ID,CERTIFIED,TOOLTIP,NLA_URL,SERVICE_RE,NC_IDstr,nc_area,NC_IDstr_1,tot_pop,white,black,native,asian,PI,other,twoplus,nohisl,hislat,male,male_under,male5to9,male10to14,male15to17,male18to19,male20,male21,male22to24,male25to29,male30to34,male35to39,male40to44,male45to49,male50to54,male55to59,male60to61,male62to64,male65to66,male67to69,male70to74,male75to79,male80to84,male85up,female,femunder5,fem5to9,fem10to14,fem15to17,fem18and19,fem20,fem21,fem22to24,fem25to29,fem30to34,fem35to39,fem40to44,fem45to49,fem50to54,fem55to59,fem60and61,fem62to64,fem65and66,fem67to69,fem70to74,fem75to79,fem80to84,fem85andup,Shape__Area,Shape__Length,density
1,1,LINCOLN HEIGHTS NC,90031,http://www.lincolnheightsnc.org/,http://empowerla.org/LHNC,LHNC@EmpowerLA.org,213-978-1551,47,2002/04/27 00:00:00+00,LINCOLN HEIGHTS NC,navigatela/reports/nc_reports.cfm?id=47,REGION 8 - NORTH EAST LA,47,3.172536107,47,31664.50209,11923.82712,520.1597558,215.1855722,7262.629799,40.93612951,11085.67748,616.0860691,9681.61484,21982.88692,16078.06458,1112.931075,1030.183672,1141.310089,1063.608009,583.9995814,269.0927097,351.2776461,715.5471721,1508.085303,1038.629564,965.6444796,1234.453455,1092.625133,1038.72263,860.2596938,225.1922761,308.020275,202.2064801,268.2809675,337.5368461,335.7283365,183.8110793,210.918153,15586.43726,1100.241613,871.7738599,938.4115403,880.9724961,444.781522,285.3486191,124.9760612,815.1790625,1164.843706,904.6730946,931.2966181,1094.342003,1171.13467,1012.354899,937.4077778,265.7225754,395.7926223,222.429698,338.2546313,515.2063462,304.8814767,360.4201946,505.9921635,12011192.55,16908.92551,9980.81693
2,2,VOICES OF 90037,90037, ,http://empowerla.org/VOICESOF90037,V9NC@EmpowerLA.org,213-978-1551,109,2008/06/16 00:00:00+00,VOICES OF 90037,navigatela/reports/nc_reports.cfm?id=109,REGION 9 - SOUTH LA 2,109,2.179818894,109,45411.9654,12493.84962,9845.644917,208.141397,445.5331323,0.123527347,21523.45377,895.2191006,11201.30677,34210.65871,22209.47806,1914.411158,1823.508872,1897.14174,1069.487726,652.076176,563.5685791,418.6096646,1036.819061,2150.944512,1660.458094,1583.840445,1401.45588,1364.88255,1469.16149,1041.407566,348.2559742,374.2541181,302.1670848,223.3369771,287.6110114,265.3427719,151.5211446,209.2154667,23202.48745,2022.435764,1759.33831,1631.204489,1077.994871,693.2424966,542.7080775,300.5532285,1321.38426,1820.891144,1791.344123,1686.853516,1390.69684,1393.263605,1588.580471,996.3916226,413.7320184,533.8282618,325.0615761,341.6851383,536.5051438,363.0986593,360.3611545,311.3326606,8238135.672,12046.58618,20832.90751
3,3,LOS FELIZ NC,90027,http://www.losfeliznc.org/,http://empowerla.org/LFNC,LFNC@EmpowerLA.org,213-978-1551,36,2002/06/11 00:00:00+00,LOS FELIZ NC,navigatela/reports/nc_reports.cfm?id=36,REGION 7 - EAST,36,9.144726399,36,34987.19798,24900.51544,903.5115553,28.73220255,4335.16988,44.44704522,3207.839647,1566.982338,29220.45419,5766.743768,17359.6156,950.4364319,542.1674133,727.1252823,253.3907787,203.9656563,89.91703445,88.77597956,410.6990993,2407.074777,2357.049582,1804.211839,1460.362082,1351.135806,1064.237373,718.3480864,258.4515721,743.2335382,292.521855,387.4833636,461.8794399,298.5852267,214.9596027,273.6036781,17627.58238,776.4921287,489.3781257,299.7277443,149.1380027,171.1726859,130.2596397,63.22688934,704.4668658,2822.172091,2391.753771,1496.898343,1261.249548,1255.558517,1088.840183,835.0648217,510.5556578,520.2499455,395.8566458,338.3884618,604.176829,435.2001929,473.1368012,414.6186097,34666533.2,38319.50638,3825.942566
4,4,MISSION HILLS NC,91340-91345,http://mhnconline.org/,http://empowerla.org/MHNC,MHNC@EmpowerLA.org,213-978-1551,101,2005/04/19 00:00:00+00,MISSION HILLS NC,navigatela/reports/nc_reports.cfm?id=101,REGION 1 - NORTH EAST VALLEY,101,3.595233217,101,22966.48399,13519.49234,393.9865864,143.4729931,1977.126747,0.921043321,6204.393302,727.0910698,6084.822069,16881.662,11282.68502,625.9157457,553.6026402,665.8321352,516.2121484,211.4907246,221.3118047,339.4413685,583.4162399,1018.428818,917.0178979,645.2413256,743.9872213,835.3077912,616.0189294,965.3133685,317.2109656,202.9200072,220.7234228,323.8450279,186.0277912,198.1758292,249.895671,125.348206,11683.79888,706.1971162,704.6596219,699.4049574,459.5150568,222.2943456,205.6140235,153.0296372,686.7534992,635.9755566,815.5766874,739.6610392,745.3876123,915.8502343,758.1838839,709.8551674,244.3431392,363.9210485,291.9955173,267.1736281,413.12172,299.9758767,309.0803285,336.2293337,13672582.97,18136.3155,6388.037327
5,5,GREATER TOLUCA LAKE NC,91602,http://www.gtlnc.org/,http://empowerla.org/GTLNC,GTLNC@EmpowerLA.org,213-978-1551,28,2002/09/10 00:00:00+00,GREATER TOLUCA LAKE NC,navigatela/reports/nc_reports.cfm?id=28,REGION 4 - SOUTH EAST VALLEY,28,1.50144016,28,11608.47764,8933.941013,710.2169706,61.51458285,932.4083837,54.15914626,363.1722766,553.0651958,9668.456546,1940.020975,5613.659271,285.4657232,169.6107851,222.1881506,79.29362094,41.58801303,86.0617879,95.45876651,204.2712656,547.7737554,642.819637,445.1577287,524.4226594,511.675179,395.1712861,364.036893,123.6770941,176.3062062,210.0267315,79.08068401,204.4341917,100.6522227,40.54756525,63.93929164,5994.818431,229.6279944,161.9818602,219.3173212,153.8558309,26.31545424,57.64114312,31.14349113,231.2315108,630.055653,633.4059222,497.4049908,498.3416474,408.0942657,431.6826788,471.7191452,193.4481059,265.985089,245.3326435,150.0573434,196.5728995,64.91407514,55.12082491,141.5684557,5694877.926,14937.98063,7731.561967
6,6,SOUTH CENTRAL NC,, ,http://empowerla.org/SOUTHCENTRALNC,SouthCentralNC@EmpowerLA.org,213-978-1551,78,2003/06/24 00:00:00+00,SOUTH CENTRAL NC,navigatela/reports/nc_reports.cfm?id=78,REGION 9 - SOUTH LA 2,78,2.596384373,78,44050.02363,18009.68268,2657.156054,617.5251233,545.9798909,21.31741698,21653.49954,544.8630976,3920.873277,40129.15042,22355.29081,1909.998492,1857.832782,1633.858882,1065.838914,741.5848966,468.3155178,360.532943,938.984858,1972.76774,1866.417661,1783.126863,1982.92102,1652.761294,1283.535873,947.4117877,216.5943365,485.3888073,223.0452404,219.7319172,278.7687344,203.9622151,135.5740361,126.3359334,21694.73296,1912.09511,1798.849335,1824.375835,1315.100298,884.687044,379.4333814,365.3880514,1281.608582,1463.804129,1684.678313,1261.093055,1654.097245,1370.608132,1298.297194,1086.938099,298.5750531,438.917459,295.1087065,238.8573449,266.3260376,233.1330126,191.2116536,151.549894,9817620.121,13964.57935,16965.91002
7,7,SUNLAND-TUJUNGA NC,91040,http://stnc.org/,http://empowerla.org/STNC,STNC@EmpowerLA.org,213-978-1551,10,2003/05/27 00:00:00+00,SUNLAND-TUJUNGA NC,navigatela/reports/nc_reports.cfm?id=10,REGION 1 - NORTH EAST VALLEY,10,11.92865767,10,41847.4582,31667.67775,888.5609298,179.3815407,3205.546224,264.821531,4100.454143,1541.016176,30101.98465,11745.47356,20431.37702,1239.516919,1119.210706,832.4939275,728.3015498,249.9741702,381.3430499,212.4640771,965.9066039,1431.743337,1414.672596,1204.809187,1308.191563,1415.810425,1873.52836,1824.533497,637.1973551,1108.226783,345.8514755,400.5455046,681.479066,534.6169603,305.4303179,215.5295982,21416.08118,935.6651494,881.3316487,1207.28122,664.7197881,328.9490224,119.5213473,347.6013232,836.0011744,1591.360214,1465.462786,1296.640448,1360.075432,1424.901324,1848.6492,1770.17633,614.2187952,980.7864264,541.492042,904.0564726,720.9535661,587.3469056,396.6789488,592.211698,45361321.34,36725.81065,3508.144785
8,8,PICO UNION NC,90006,http://www.picounionnc.org/,http://empowerla.org/PUNC,PUNC@EmpowerLA.org,213-978-1551,76,2003/06/03 00:00:00+00,PICO UNION NC,navigatela/reports/nc_reports.cfm?id=76,REGION 6 - CENTRAL 2,76,1.602028209,76,40625.99079,10714.95176,1311.754236,465.4461503,4438.859748,25.95530939,22867.32602,801.6976808,6775.593421,33850.39736,20519.71063,1367.94157,1669.935383,1311.682591,788.9487531,681.3736445,349.7469594,281.3231697,938.0754925,2036.961311,1816.176579,1904.378478,1283.905093,1180.747579,1254.301993,1026.419688,327.2566632,465.3412095,269.9891437,353.3166514,595.2946922,268.5978346,167.2149997,180.7811354,20106.28015,1330.238716,1425.258323,1433.516636,756.3902493,604.669794,249.8943807,238.4594902,796.3079572,1862.16273,1669.147183,1362.7092,1291.961979,1111.195471,1240.64268,1228.797548,393.3688099,499.5831723,457.2564375,446.3309054,632.5326074,452.4338183,315.6507939,307.7713263,6061306.363,10094.32897,25359.09827
9,9,FOOTHILL TRAILS DISTRICT NC,91040,http://www.ftdnc.org/,http://empowerla.org/FTDNC,FTDNC@EmpowerLA.org,213-978-1551,9,2003/03/25 00:00:00+00,FOOTHILL TRAILS DISTRICT NC,navigatela/reports/nc_reports.cfm?id=9,REGION 1 - NORTH EAST VALLEY,9,19.33345379,9,22453.42338,16345.5122,1433.831464,63.9929996,1849.087598,30.17847607,2125.009835,605.8107947,12120.65566,10332.76777,11366.76226,521.2358804,551.9814842,742.2395475,495.1602241,433.9629568,118.0584663,116.0141282,376.4631119,734.7009825,643.2587049,643.1106908,898.1375717,812.1887499,936.0951345,884.9822184,311.1289893,417.5595837,355.7576118,411.7390936,323.8704953,297.0002409,187.3910653,154.7254387,11086.66104,507.9035966,527.5258717,652.8669317,507.182259,310.1000764,198.0859351,166.9917733,293.53851,532.9864308,710.3518816,731.7637996,602.2852402,914.7969469,953.4844544,855.8553396,455.821634,305.4990548,283.2082936,287.6580298,360.7986758,410.3267042,228.7537535,288.8758953,73509189.73,68369.94047,1161.376732
10,10,TARZANA NC,91356,http://www.tarzananc.org/,http://empowerla.org/TNC,TNC@EmpowerLA.org,213-978-1551,17,2003/01/14 00:00:00+00,TARZANA NC,navigatela/reports/nc_reports.cfm?id=17,REGION 3 - SOUTH WEST VALLEY,17,7.905534538,17,38003.2612,28830.46355,1514.329625,23.08016992,2515.253606,0.492835383,3561.217197,1558.424097,29751.27131,8251.989544,18442.51723,1041.210097,961.7271538,1110.671556,923.941984,324.2521414,126.8549963,304.3875333,425.3305175,1491.695859,1175.779521,1365.685024,1314.293638,1226.867918,1326.354463,1021.325574,549.4123848,681.1391072,458.1359898,412.7821103,769.9375068,479.2348042,477.3406279,474.1567746,19560.74402,1084.035977,993.3654993,1066.835917,560.5416585,281.5837322,309.0056051,209.6670203,555.8297481,1319.715429,1301.340957,1224.44051,1286.374336,1480.459018,1610.863502,1234.488352,652.9633676,729.9957702,497.1682838,637.4900819,628.9191237,477.1221881,629.1614661,789.3763234,29985783.66,24204.39241,4807.171611
11,11,PACOIMA NC,91331-91333-91334,http://pacoimanc.com/,http://empowerla.org/PNC,PNC@EmpowerLA.org,213-978-1551,7,2002/03/07 00:00:00+00,PACOIMA NC,navigatela/reports/nc_reports.cfm?id=7,REGION 1 - NORTH EAST VALLEY,7,7.470396013,7,72424.27248,43657.38604,3319.197183,491.112556,1840.740764,43.01278691,21907.43383,1165.389086,7493.831303,64930.44095,36350.86607,2662.122135,3103.917446,2457.093949,1458.215703,1163.857723,766.0567493,649.8253108,2011.093109,3064.509872,3116.30364,2870.155533,2281.804544,2454.041206,2126.639933,1918.479145,730.1633344,832.8209258,497.3011542,583.6785005,579.2862865,544.6955822,292.5361705,186.2682716,36073.40588,2893.230492,3055.971276,2609.397487,1802.869546,1008.32054,731.5772093,648.3969566,1826.181972,3011.36013,2792.612384,2389.597922,2197.460767,1956.729128,2289.953468,1892.881341,688.8704418,845.9789643,475.8863099,419.5601958,883.2359753,702.0905927,562.2057726,389.0371553,28409544.57,24612.82267,9694.837108
12,12,RESEDA NC,91335,http://www.resedacouncil.org/,http://empowerla.org/RNC,RNC@EmpowerLA.org,213-978-1551,15,2002/10/08 00:00:00+00,RESEDA NC,navigatela/reports/nc_reports.cfm?id=15,REGION 3 - SOUTH WEST VALLEY,15,5.872023158,15,72611.22664,49081.55391,3220.154946,280.0108217,8505.981945,190.3183015,8714.793823,2618.413396,33659.67554,38951.55161,35746.99746,2431.12754,2249.499804,2151.25655,1632.509682,892.2618195,683.6537164,759.6621537,1717.610905,3210.945179,2487.739546,2391.177375,2528.24848,2943.616882,2598.624544,1854.286025,667.1969942,1248.962839,497.4976583,694.0436911,671.0256985,534.9325113,491.0843646,410.033431,36864.22957,2276.851114,2292.218871,2251.174521,1335.940237,988.0146298,576.9168731,563.7190461,1651.119652,2400.444514,2434.915774,2720.784896,2719.195945,2594.477512,2767.488656,2189.209349,909.246498,1072.934995,480.1786421,750.7601094,1106.492387,900.2534212,754.6985346,1127.193425,22296516.47,18904.37192,12365.62334
13,13,MID-TOWN NORTH HOLLYWOOD NC,91601-91602-91605-91606-91607,http://www.midtownnoho.org/,http://empowerla.org/MTNHNC,MTNHNC@EmpowerLA.org,213-978-1551,24,2002/09/24 00:00:00+00,MID-TOWN NORTH HOLLYWOOD NC,navigatela/reports/nc_reports.cfm?id=24,REGION 4 - SOUTH EAST VALLEY,24,4.732975668,24,68746.90475,42744.51872,4256.500237,253.8113829,4809.931415,152.1412754,13949.35579,2580.646126,34312.77985,34434.1252,35617.35804,1815.444493,1923.601098,1889.993567,1082.685552,664.3553687,602.6278957,388.3745008,1930.143988,4882.514804,4116.657196,2864.462958,2823.073026,2501.652788,2203.602087,1837.670471,583.4914058,732.5096948,530.6589107,447.5078339,656.02177,462.3764517,358.0662916,319.8658242,33129.54701,1991.160558,1604.719616,1549.676165,830.9120319,692.7482937,454.7736207,409.2775357,2133.958284,3896.583726,3659.315995,2449.899125,2458.20209,2153.624028,1962.110282,2078.433933,680.9349264,902.9885684,348.1854012,506.7948066,796.8216123,660.0535296,536.1646335,372.2081946,17962368.46,19301.35725,14525.09152
14,14,NORTH HOLLYWOOD NORTHEAST NC,91605,http://www.nhnenc.org/,http://empowerla.org/NHNENC,NHNENC@EmpowerLA.org,213-978-1551,23,2002/09/24 00:00:00+00,NORTH HOLLYWOOD NORTHEAST NC,navigatela/reports/nc_reports.cfm?id=23,REGION 4 - SOUTH EAST VALLEY,23,3.014323521,23,36523.44632,21305.69004,1624.299109,269.9501678,2495.830113,1,10077.3091,749.3679222,11305.29911,25218.14723,17980.456,962.9016622,1281.472958,1224.670036,771.5059481,500.6583705,291.4826364,295.363007,1170.159413,1850.80097,1485.599021,1400.202366,1253.346356,1190.934517,1248.640052,941.5495574,346.8617254,363.8136602,248.056805,300.0692311,304.2314961,204.8274506,205.9743456,137.3344025,18542.99049,1216.191598,1289.751261,1240.869153,776.2983218,484.2631591,498.2562633,125.9774473,1122.49776,1464.810833,1364.769368,1269.462423,1375.564843,1288.375969,1189.531566,1062.230169,386.6444067,516.1256401,324.3968296,321.4745012,511.61744,238.1246147,259.7159676,216.0408465,11447328.27,17528.86031,12116.63117
15,15,WILMINGTON NC,90744,http://www.wilmingtonneighborhoodcouncil.com/,http://empowerla.org/WILMINGTON,WilmingtonNC@EmpowerLA.org,213-978-1551,93,2001/12/11 00:00:00+00,WILMINGTON NC,navigatela/reports/nc_reports.cfm?id=93,REGION 12 - HARBOR,93,14.25348494,93,58066.47002,34729.22042,1056.012701,3183.251957,1246.604576,294.4244796,15446.79275,2110.163017,6142.871947,51923.59795,29328.97092,2956.986768,2911.51963,2254.261104,1278.24623,907.6349072,539.6951249,439.8647989,1726.308327,2262.392782,2119.626474,1712.43259,1939.178572,1831.154716,1741.092648,1575.085623,441.5407812,578.9954669,320.2841249,345.2490154,508.1374218,394.8932256,279.9386317,264.4518935,28737.49902,2308.625738,2288.158791,2562.22721,1449.403225,933.6404827,485.6067101,466.4485446,1527.389701,2205.240288,2023.948271,2145.972085,1807.934314,1699.769715,1708.109233,1393.752031,478.9020307,643.5810838,371.6188808,512.8767234,551.5022541,481.0223011,478.8062225,212.9632829,53585842.6,67351.82578,4073.843713
16,16,NC WESTCHESTER/PLAYA,90045,http://www.ncwpdr.org/,http://empowerla.org/NCWP,NCWP@EmpowerLA.org,213-978-1551,71,2002/03/12 00:00:00+00,NC WESTCHESTER/PLAYA,navigatela/reports/nc_reports.cfm?id=71,REGION 11 - WEST LA,71,14.32337134,71,58677.38677,35823.83991,6947.790181,150.7065498,8449.437663,72.20237223,3341.773719,3891.636261,48859.69848,9817.688346,28294.38238,1436.24859,1218.419384,1077.983347,565.6374518,1504.381481,578.2107556,496.7882342,1450.739599,2838.34486,2756.323769,2148.890925,2173.354491,1805.722627,1832.525313,1707.020307,647.3267402,884.1409205,448.6101188,728.0165494,652.2895473,565.211584,365.68186,412.5139048,30383.00438,1199.892863,1162.501608,1072.913148,584.487996,1734.172572,757.0525927,954.3646789,1596.227003,2792.101826,2744.717385,1847.003573,1940.713614,2250.479153,1873.937492,1830.418352,731.9492611,1127.425302,599.32199,681.8168414,870.0305954,630.6499252,528.5380403,872.2886119,54074636.25,43693.90164,4096.618414
17,17,WEST ADAMS NC,90016,http://www.westadamsnc.org/,http://empowerla.org/WANC,WANC@EmpowerLA.org,213-978-1551,75,2002/02/19 00:00:00+00,WEST ADAMS NC,navigatela/reports/nc_reports.cfm?id=75,REGION 10 - SOUTH LA 1,75,2.166623778,75,26047.1159,10528.82324,8101.161759,105.9554223,821.4626635,,5716.686528,773.0261471,10724.36642,15322.74924,12634.28571,625.9716538,825.6448817,755.2662987,638.0720742,460.7281299,158.1654935,231.8926762,592.3163113,1204.520347,966.811855,789.3018388,989.1713767,788.7983836,887.8931582,785.570134,234.8378255,364.3467749,276.7692301,205.3222405,364.9357201,269.2808408,105.6131145,113.055353,13412.83003,742.767731,697.002974,738.240854,402.6997101,295.8126338,198.9765573,244.3454917,508.7242038,1070.745485,1014.135177,998.1609212,1154.050317,989.9092853,904.8665792,768.1234286,331.4756402,481.1970277,297.5236448,344.6740301,452.8045191,224.0099617,283.0303489,269.5535313,8193836.754,13885.7609,12021.98377
18,18,VAN NUYS NC,91401-91405-91406-91411,http://www.vnnc.org/,http://empowerla.org/VNNC,VNNC@EmpowerLA.org,213-978-1551,20,2002/07/23 00:00:00+00,VAN NUYS NC,navigatela/reports/nc_reports.cfm?id=20,REGION 4 - SOUTH EAST VALLEY,20,5.978387033,20,86000.21506,40564.43949,3991.321303,391.9015755,6440.257736,85.26501322,32741.56464,1785.465175,32333.08568,53667.12951,43266.14477,3039.484419,3338.322853,2865.04453,1636.369148,1310.253926,595.620741,569.1575808,1994.149036,4131.847494,3848.385075,3421.297096,3238.136723,3085.894829,2889.912313,2465.038789,814.1770875,1001.244296,560.4779533,752.9366228,751.7945239,373.5490141,272.5361041,310.514705,42734.0704,3128.105378,3241.770896,2546.374515,1559.239429,1287.823904,652.0391799,700.7407815,1948.115762,3598.520028,3572.336674,3401.105367,2785.399071,2893.530325,2853.758362,2387.824771,914.9667923,1049.429845,590.7402222,713.8245564,889.2446757,771.2362514,566.5041078,681.4393092,22696500.7,22739.48506,14385.18694
19,19,"UNITED NEIGHBORHOODS OF THE HISTORIC ARLINGTON HEIGHTS, WEST ADAMS, AND JEFFERSON PARK COMMUNITY",90016,http://www.unnc.org/index.html,http://empowerla.org/UNNC,UNNC@EmpowerLA.org,213-978-1551,74,2002/05/14 00:00:00+00,"UNITED NEIGHBORHOODS OF THE HISTORIC ARLINGTON HEIGHTS, WEST ADAMS, AND JEFFERSON PARK COMMUNITY",navigatela/reports/nc_reports.cfm?id=74,REGION 10 - SOUTH LA 1,74,2.768794714,74,55631.24428,12942.1772,14580.72409,715.8324436,4625.964721,58.82934732,21228.51096,1479.205607,22608.1513,33023.09301,26638.36295,2039.608033,1771.43439,1812.59179,921.3834605,689.8947548,545.4381979,263.023169,1537.382957,2213.668312,2194.685365,2413.384786,1701.282033,1830.14015,1448.697871,1508.972974,813.0135828,637.0997183,391.1309666,410.3850049,678.1103729,413.7506418,151.7453498,251.539105,28992.88133,1983.557444,1890.851112,2123.449423,1008.08843,771.9947893,362.3024431,373.6217836,1342.941525,2421.751645,2273.846728,1918.360459,1963.087166,1920.262315,2084.712658,1802.011392,514.2590531,931.4288446,419.5430991,492.3600662,731.6075958,547.7080083,504.8007952,610.3345771,10473112.95,14548.80154,20092.22424
20,20,EMPOWERMENT CONGRESS SOUTHWEST AREA NDC,90044,http://southwestnc.org/,http://empowerla.org/ECSWANDC,ECSWANDC@EmpowerLA.org,213-978-1551,84,2002/03/23 00:00:00+00,EMPOWERMENT CONGRESS SOUTHWEST AREA NDC,navigatela/reports/nc_reports.cfm?id=84,REGION 9 - SOUTH LA 2,84,2.668577318,84,28346.70305,3405.885471,21196.37973,54.00066239,296.9899397,43.04509109,2396.928935,953.473166,22425.40972,5921.293203,12059.46749,489.8167774,792.8430329,718.6328616,550.9885169,403.0502826,190.9737281,203.7774359,556.8729326,660.0857576,831.3984744,689.6984842,785.7602603,1221.647442,1018.783351,745.0876032,167.820636,259.0770957,307.7234162,315.0003868,314.2142021,434.7422186,225.780638,175.6918682,16287.23557,764.9693333,761.3370386,1506.895912,663.3336256,274.1126128,134.1168089,348.0923167,339.7003387,780.0292498,960.5286595,1140.375063,1104.510783,1356.264422,1392.041694,1039.087784,322.8076612,619.455267,289.5851044,498.218744,487.8186246,745.9011405,438.4099401,319.6434517,10076662.64,15568.537,10622.40275
21,21,SUN VALLEY AREA NC,91352,http://svanc.org/,http://empowerla.org/SVANC,SVANC@EmpowerLA.org,213-978-1551,8,2002/05/07 00:00:00+00,SUN VALLEY AREA NC,navigatela/reports/nc_reports.cfm?id=8,REGION 1 - NORTH EAST VALLEY,8,8.706184731,8,47596.43733,35065.17556,864.7594535,305.2542509,3251.002184,22.97704029,6842.43221,1244.83665,13678.40132,33918.03603,22997.13209,1547.695975,1445.955546,1659.769609,1060.347332,771.2454142,380.4891753,396.8028561,1050.271772,1942.307774,1773.921804,1628.599468,1299.743272,1736.11275,1577.528731,1417.146443,577.9431662,574.0394819,394.5672484,495.3612099,520.9912775,375.6020112,154.3910006,216.2988672,24599.30524,1521.425347,1324.315405,1757.111281,1085.876337,636.7403191,492.3905735,417.0955602,1354.788258,1897.439919,2075.487963,1321.740316,1764.629714,1534.346195,1426.360457,1852.786567,495.716913,719.558956,474.0702153,455.4668216,656.2209299,565.472818,434.1813308,336.0830806,33079667.02,32586.82338,5466.96846
22,22,ELYSIAN VALLEY RIVERSIDE NC,90039, ,http://empowerla.org/EVRNC,EVRNC@EmpowerLA.org,213-978-1551,43,2002/07/09 00:00:00+00,ELYSIAN VALLEY RIVERSIDE NC,navigatela/reports/nc_reports.cfm?id=43,REGION 7 - EAST,43,0.724894273,43,6919.40048,2905.060285,103.3130209,31.57820572,1369.731823,0.550204053,2212.874587,296.2923424,2402.536617,4516.863949,3428.534615,183.5522309,226.3929475,156.9622172,160.5385444,69.51394624,30.76543897,21.47001529,211.2280165,300.6007272,343.0988163,204.2692186,291.0286896,324.5215704,160.8560323,128.9630604,125.5787353,106.9374798,40.10611656,107.233346,112.2428153,60.07733646,18.92766053,43.66969512,3490.865813,156.9784848,234.488008,150.97146,134.6218485,84.86851893,33.60282736,70.30612364,170.4697541,331.4426093,219.2400755,242.1230182,229.0783577,231.0501127,237.2892608,182.9472389,86.84615959,185.3618503,87.29929748,69.50990862,87.47043604,118.9430365,64.23872732,81.71875392,2746143.98,11078.31613,9545.392664
23,23,P.I.C.O. NC,,http://piconc.com/,http://empowerla.org/PICO,PICO@EmpowerLA.org,213-978-1551,60,2002/03/12 00:00:00+00,P.I.C.O. NC,navigatela/reports/nc_reports.cfm?id=60,REGION 5 - CENTRAL 1,60,1.804599464,60,22489.62726,10031.04049,6176.887684,297.6820034,1589.759035,51.30824823,3204.482534,1138.467222,16476.95365,6012.673592,11213.58524,854.4906773,367.7543619,490.2032869,229.1784867,188.4996329,90.67196279,94.8655994,435.6186391,1106.222008,939.2991762,1157.834569,852.2373348,1005.684486,1033.268819,575.9610698,282.1896461,323.8974787,104.4236061,229.8149926,261.3035153,246.0441771,160.6905936,183.4311045,11276.04202,643.6387706,393.5836657,384.896988,277.2904072,139.2602428,62.73446492,105.2224193,556.9505889,1011.918935,1051.209659,1291.469652,901.9901641,794.1184921,574.84035,712.4873102,302.0741643,427.837683,231.1364066,279.8594475,371.9663594,283.5951827,186.1410507,291.8196218,6828231.32,12554.01382,12462.39274
24,24,NORTHWEST SAN PEDRO NC,90731-90732,http://www.nwsanpedro.org/,http://empowerla.org/NWSPNC,NWSPNC@EmpowerLA.org,213-978-1551,94,2002/02/12 00:00:00+00,NORTHWEST SAN PEDRO NC,navigatela/reports/nc_reports.cfm?id=94,REGION 12 - HARBOR,94,3.796907391,94,21758.05798,15101.77546,704.901592,52.23483714,2318.712315,41.91912683,1830.960709,1707.554002,15066.02755,6692.030437,10427.21775,610.01526,399.3942487,705.5714403,337.1196182,148.30045,66.2208904,161.7784263,350.8932385,730.2893568,823.6132797,511.5415865,732.8089794,710.7199685,949.6122847,1070.039574,213.6040988,345.8520615,246.1221513,220.9409152,410.1687764,178.4717082,297.2294381,206.9100772,11330.8402,414.8489602,786.1686689,392.8996397,377.8383311,150.6154978,199.4311413,70.76673382,274.835815,791.5775452,782.0675164,561.2556075,927.7734933,782.2043623,1095.866274,950.9645374,247.2454401,366.8760833,341.5782494,329.2476159,531.6179185,222.4195214,379.8996765,352.8415536,14268883.11,29018.41486,5730.468441
25,25,MID CITY WEST CC,90019,http://www.midcitywest.org/,http://empowerla.org/MCWCC,MCWCC@EmpowerLA.org,213-978-1551,58,2002/06/25 00:00:00+00,MID CITY WEST CC,navigatela/reports/nc_reports.cfm?id=58,REGION 5 - CENTRAL 1,58,4.126467701,58,59184.3866,41424.58892,3022.601049,157.9800529,8628.642801,162.4786171,2611.737189,3176.357681,53460.97502,5723.411398,27849.72854,1574.165178,896.442943,679.5109789,346.0112231,139.9220644,123.879546,325.2368689,1211.767613,3658.483091,4161.166497,3392.784891,2412.246534,2034.364783,1585.790775,1508.328094,568.1890138,628.9453368,383.6618675,381.2540749,532.2567174,439.5298992,444.9128544,420.8776996,31334.65799,1357.933883,1216.677112,675.8805843,414.4516455,364.8468891,350.8388167,290.8713965,1825.751638,5544.473918,4018.854348,3146.116819,2409.446795,1886.838622,1214.633185,1219.688099,489.3495736,930.7882907,426.1872457,552.6962714,780.628381,612.8504462,599.1038004,1005.750165,15622166,23394.90594,14342.62689
26,26,MAR VISTA CC,90066,http://marvistacc.org/,http://empowerla.org/MVCC,MVCC@EmpowerLA.org,213-978-1551,67,2002/08/13 00:00:00+00,MAR VISTA CC,navigatela/reports/nc_reports.cfm?id=67,REGION 11 - WEST LA,67,4.172344128,67,54456.38675,33622.75414,2352.838805,1150.735922,9630.734602,59.2005191,4686.599323,2953.523597,41282.15357,13174.23321,27334.42997,1782.362067,1307.574508,1077.767742,702.7170005,363.8731104,253.4244398,319.4180169,1139.173003,2856.586771,3182.228637,2601.533697,2102.167603,1996.046391,1724.266624,1322.119864,561.1703164,670.9067498,606.5411898,459.7368126,925.8263486,575.2304321,419.5792797,384.1794125,27121.9568,2148.413599,1202.80586,833.5211183,544.0462914,182.4770185,314.786128,281.67297,1531.792802,3059.757658,2773.381982,2438.381175,2019.182076,1537.644983,1696.328234,1387.580038,590.9670352,740.2053703,540.1914976,630.2428221,933.8433714,628.5800986,542.2806319,563.8740513,15773553.56,20313.30822,13051.74863
27,27,HISTORIC CULTURAL NC,90023,http://www.hcncla.org/,http://empowerla.org/HCNC,HCNC@EmpowerLA.org,213-978-1551,46,2002/04/27 00:00:00+00,HISTORIC CULTURAL NC,navigatela/reports/nc_reports.cfm?id=46,REGION 6 - CENTRAL 2,46,2.387113037,46,22238.59066,5797.026708,2243.012501,169.0598491,11054.98715,34.74383585,2271.694992,668.0655963,17222.64299,5015.947783,12396.80772,347.6607046,373.2185554,413.8330188,230.5086551,237.124082,251.108237,236.0753511,850.3627116,1727.216242,1425.765478,1130.089408,1078.247005,755.2880911,729.1479374,578.7773168,245.1039819,410.2758974,167.2652679,174.8979442,258.2399112,356.7614997,228.5965178,191.244066,9841.782666,535.5834262,383.1370584,239.7696145,178.2234644,127.2525926,130.9155022,73.17404135,517.4152468,1361.471601,779.4107661,783.4308375,499.3491911,658.2106435,411.6365024,588.3147579,227.6868256,252.1851908,348.5430532,330.1300298,297.731844,361.2715067,401.456218,355.4826557,9034992.449,20069.47781,9316.10289
28,28,HARBOR CITY NC,90710,http://www.harborcitync.com/index.html,http://empowerla.org/HARBORCITYNC,HarborCityNC@EmpowerLA.org,213-978-1551,92,2002/03/26 00:00:00+00,HARBOR CITY NC,navigatela/reports/nc_reports.cfm?id=92,REGION 12 - HARBOR,92,2.444823903,92,23586.52752,9767.519978,2113.661322,175.550779,4334.772705,441.0773073,4782.062436,1971.883122,11804.17857,11782.34905,11723.66059,809.94167,698.3460572,963.445168,480.0736891,356.4748475,207.3011422,147.8927396,400.0746422,935.5285105,924.8511674,739.720998,915.3939139,956.761868,754.6777398,760.0733051,249.5717007,290.7851632,204.6121396,224.7249623,253.5505739,159.9065947,138.3376673,151.6144096,11862.86696,863.6155093,706.0797922,583.5838219,528.492272,311.4492385,166.4079734,157.7691987,741.9517839,878.302255,936.7402368,843.2297916,785.4401239,895.6519588,868.0070325,718.7666399,188.4822701,346.473829,214.3231904,254.2571148,321.4432201,237.4397889,103.4753463,211.4845883,9195957.035,16978.36979,9647.53637
29,29,VENICE NC,90291,http://www.venicenc.org/,http://empowerla.org/VNC,VeniceNC@EmpowerLA.org,213-978-1551,68,2002/03/12 00:00:00+00,VENICE NC,navigatela/reports/nc_reports.cfm?id=68,REGION 11 - WEST LA,68,3.200111288,68,34568.98362,28137.52821,2007.861841,154.9839704,1492.382431,76.01902859,1251.599196,1448.608914,28589.12999,5979.853641,17539.38737,970.5460076,606.2093826,336.0504916,263.6830767,155.990612,110.0844344,143.1823616,607.4695961,1854.49276,2061.549618,1823.248576,1709.568224,1201.582044,1381.665317,1117.843964,400.1294427,576.462387,395.0057735,491.3956832,453.1582567,462.6389123,189.0863333,228.3440852,17029.59628,878.6397305,587.5434339,411.6613717,259.0957471,100.1340741,150.6014129,93.76439006,798.870435,1996.695248,2096.302989,1766.264312,1477.762576,1212.101332,869.9684057,1006.270077,366.6094679,675.502145,419.5128949,532.6596624,527.5002648,298.993101,161.792263,341.3509567,12091446.2,22949.9091,10802.4317
30,30,EMPOWERMENT CONGRESS NORTH AREA NDC,,http://www.nandc.org/,http://empowerla.org/ECNANDC,ECNANDC@EmpowerLA.org,213-978-1551,77,2002/04/27 00:00:00+00,EMPOWERMENT CONGRESS NORTH AREA NDC,navigatela/reports/nc_reports.cfm?id=77,REGION 10 - SOUTH LA 1,77,3.827234333,77,77582.26994,20228.40475,13768.21509,673.7555355,9985.906885,192.5347034,30431.55588,2301.897482,34770.27562,42811.99469,37647.0287,2097.216236,2036.445283,2533.72804,1172.292616,3661.638323,1858.500589,1962.681584,3841.759566,3944.041506,2332.893006,1916.079676,1911.073205,1760.190518,1703.423881,1529.936096,523.8682096,613.4463048,415.4452006,442.3233791,589.1053764,469.1370087,190.5401648,141.2628566,39935.24157,1800.185474,2132.606638,1869.612963,1225.504617,4201.711326,1945.196516,2043.271068,3348.74963,3367.420177,2100.335316,2352.60793,2130.618716,2149.865025,1861.223821,2210.39882,700.3893829,884.8251167,496.7830816,630.1838826,698.9100202,763.4108737,509.7799685,511.6511881,14473277.39,16391.62977,20271.10524
31,31,COASTAL SAN PEDRO NC,90731-90732,http://www.cspnc.org/,http://empowerla.org/CSPNC,CSPNC@EmpowerLA.org,213-978-1551,96,2001/12/11 00:00:00+00,COASTAL SAN PEDRO NC,navigatela/reports/nc_reports.cfm?id=96,REGION 12 - HARBOR,96,3.574562826,96,25570.85781,17454.76691,1603.55819,48.41965239,1326.150083,16.374291,2720.55617,2401.03246,14863.66731,10707.19041,12715.3383,929.5324212,696.7888254,709.6650422,523.3810083,266.8565765,149.3205036,118.6656989,637.0590903,815.3342832,885.9062729,879.4722087,895.4773702,904.5922896,1023.734466,876.1363421,329.0091023,406.8217381,291.9143066,375.7128834,326.7084733,286.6330172,169.4706034,217.1457426,12855.51939,864.4031931,725.5866264,781.2424672,393.215297,405.9900591,190.8293149,223.7928948,414.5413826,676.4477896,809.6877667,895.2415555,873.0665642,856.1560167,1032.036419,890.1396776,249.4632649,574.9876913,296.2666061,441.5212333,367.9534481,314.2977342,272.6160887,306.0363528,13422843.71,29200.23583,7153.562282
32,32,CENTRAL HOLLYWOOD NC,90038,http://www.chnc.org/,http://empowerla.org/CHNC,CHNC@EmpowerLA.org,213-978-1551,32,2002/04/09 00:00:00+00,CENTRAL HOLLYWOOD NC,navigatela/reports/nc_reports.cfm?id=32,REGION 5 - CENTRAL 1,32,1.228459918,32,17292.76808,10310.29447,1050.513595,34.64413772,823.7092499,0.002540856,4358.076359,715.5277655,11135.14343,6157.62465,9620.450145,297.3043728,151.051747,151.4771002,306.6847656,115.2624946,244.9427819,298.15303,721.7382429,1478.745953,1179.748305,985.5646606,761.0713248,1045.393463,504.2762652,372.8433497,157.855131,206.1832557,58.79143098,92.25718523,111.9903955,167.1683352,145.4127843,66.53372186,7672.317956,238.7310584,220.6705234,157.2552646,116.5253802,127.5400629,84.66206074,104.068196,905.7265373,1192.891451,742.2884121,645.4452538,550.6613021,447.7790848,324.6472811,528.5693257,108.2464672,155.8758144,183.1337038,167.0137409,252.2062759,185.8018547,82.26610816,150.3127295,4653141.684,9646.265256,14076.78658
33,33,EMPOWERMENT CONGRESS CENTRAL AREA NDC,, ,http://empowerla.org/ECCANDC,ECCANDC@EmpowerLA.org,213-978-1551,81,2002/03/23 00:00:00+00,EMPOWERMENT CONGRESS CENTRAL AREA NDC,navigatela/reports/nc_reports.cfm?id=81,REGION 10 - SOUTH LA 1,81,2.83000908,81,43250.08608,9274.730407,16859.04204,135.507359,435.2798321,77.85029018,15664.72579,802.9504965,18218.33381,25031.75235,20527.85325,1635.172171,1508.590424,1377.806263,1009.904398,681.0448476,378.2665052,427.6609985,1014.536756,1703.039692,1551.196324,1184.357039,1333.755377,1252.36085,1498.466056,1317.877067,443.5032498,451.4686116,250.3359196,295.9644942,463.7727875,331.8654149,218.7994118,198.1086563,22722.23275,1904.512131,1490.799252,1531.039236,779.9273432,433.2013043,672.9265356,316.4833818,1059.974386,1481.245771,1424.822636,1492.460314,1644.815086,1362.215551,1651.644204,1650.357762,582.3006558,634.1748095,299.0092554,346.932295,679.6555414,583.7743741,387.7199044,312.2410282,10693955.95,15665.01838,15282.6669
34,34,CENTRAL SAN PEDRO NC,,http://centralsanpedro.org/,http://empowerla.org/CENTRALSPNC,CentralSPNC@EmpowerLA.org,213-978-1551,95,2002/02/12 00:00:00+00,CENTRAL SAN PEDRO NC,navigatela/reports/nc_reports.cfm?id=95,REGION 12 - HARBOR,95,2.163898131,95,29722.59754,14927.25799,2888.961627,147.7920312,1126.545968,237.8578269,8161.084607,2233.097577,10135.47944,19587.11826,14559.62608,1040.702061,969.9084402,1050.858811,720.2854243,501.7972393,251.2794001,175.3199587,739.4159545,1342.961403,898.913855,1096.242276,772.3047126,1192.428434,1055.652243,989.6120209,343.8198685,331.2633592,88.69523211,267.4603705,277.8109832,192.949138,146.0114285,113.9335993,15162.9716,1161.415358,1203.965362,1068.165258,556.6766178,284.7070572,271.10116,259.3124414,655.5535796,1132.712544,951.8523425,1146.646772,912.0678884,1073.376472,968.0699102,1047.083531,435.9448188,397.1787271,234.2608984,259.7986731,352.0857777,303.1973739,252.8673019,234.9316757,8129607.539,18108.23515,13735.67319
35,35,CANOGA PARK NC,90731,http://www.canogaparknc.org/,http://empowerla.org/CPNC,CPNC@EmpowerLA.org,213-978-1551,13,2002/06/18 00:00:00+00,CANOGA PARK NC,navigatela/reports/nc_reports.cfm?id=13,REGION 3 - SOUTH WEST VALLEY,13,3.687674564,13,55222.45066,26290.83725,2059.426083,152.6938137,6691.456979,121.2061143,18490.68538,1416.14513,20171.73877,35050.71206,27814.24882,1939.109695,2115.542996,2081.200153,1076.276419,1015.895401,371.2699011,186.4012632,1689.580799,2756.470477,2282.717556,1888.111623,2259.514308,2418.22161,1713.926122,1415.644502,490.2133217,408.208838,331.7446611,278.2261655,455.4529574,237.2223768,275.4544707,127.8432543,27408.20184,2325.095331,2107.083379,1727.676283,1077.574411,449.8758228,342.988539,311.4643756,1314.919725,2863.608631,2069.291232,1922.147672,2291.742147,1666.724686,1550.831437,1546.52732,445.2951239,583.6581774,272.5502919,619.2703239,512.2024672,549.9786038,365.0128782,492.6828523,14004703.63,17114.55223,14974.87094
36,36,BOYLE HEIGHTS NC,90033,http://bhnc.net/,http://empowerla.org/BHNC,BHNC@EmpowerLA.org,213-978-1551,50,2002/05/21 00:00:00+00,BOYLE HEIGHTS NC,navigatela/reports/nc_reports.cfm?id=50,REGION 8 - NORTH EAST LA,50,5.728140879,50,85470.75892,56928.57876,989.9280132,437.4517287,2696.933532,83.04991532,23097.10353,1237.713272,5626.783775,79843.97469,42489.01347,3114.034078,3682.403946,3421.086794,2223.627852,1211.591807,832.8056564,914.4279744,2242.656717,3418.795194,3260.107131,3179.674183,2790.214333,2286.322508,2773.930164,2182.69797,707.1337803,845.5020592,493.6531125,626.491036,791.242271,504.3466679,582.9152643,403.3530364,42981.74522,3545.678751,3227.01317,3493.447057,2142.79344,1574.27271,724.3623093,878.8055477,2085.240104,3074.948542,2811.010868,2888.852407,2906.832344,2909.122835,2224.887651,1930.836991,789.8027513,1145.537252,478.048919,653.6427295,1073.416093,797.1200664,626.5011353,999.5715531,21668954.43,20075.93432,14921.20406
37,37,NC VALLEY VILLAGE,91607,http://www.myvalleyvillage.com/,http://empowerla.org/NCVV,NCVV@EmpowerLA.org,213-978-1551,25,2002/09/10 00:00:00+00,NC VALLEY VILLAGE,navigatela/reports/nc_reports.cfm?id=25,REGION 4 - SOUTH EAST VALLEY,25,1.963804678,25,25719.82448,19821.11966,2102.191308,131.2995375,1425.492086,55.33006801,842.587734,1341.804096,19807.74199,5912.082533,12616.37246,819.228556,787.5912413,532.5146968,393.0924494,148.6217544,168.3556493,168.4416831,538.1690473,1359.579738,1104.893369,907.5934541,1126.478827,991.4471372,827.2919214,672.538066,335.971116,430.7113501,307.2752259,248.7037432,299.4766956,171.746121,100.8587579,175.7919007,13103.45199,728.5555059,621.8618188,508.9094813,195.2205897,204.8718491,47.87707756,166.4180177,653.0917837,1572.961955,1070.067284,1083.024706,966.8793903,1011.374937,730.5954608,768.8238593,352.1340266,441.4376988,203.9548984,343.4992033,555.5287378,256.7059492,294.4107777,325.2469475,7450337.891,11260.02882,13096.93615
38,38,WATTS NC,90002,http://thewattsnc.com/,http://empowerla.org/WATTS,WattsNC@EmpowerLA.org,213-978-1551,88,2002/12/03 00:00:00+00,WATTS NC,navigatela/reports/nc_reports.cfm?id=88,REGION 9 - SOUTH LA 2,88,2.021201803,88,41697.77289,16490.35266,10126.0509,256.6151259,311.2382193,119.019436,13675.36759,719.1290544,10981.19039,30716.58262,19675.63052,2241.905459,1917.807238,2364.763699,1078.893519,827.7701405,518.8213854,344.1639886,1054.562077,1332.709437,1198.038035,1033.0761,1196.349654,1217.961189,1030.260484,897.459022,195.6090061,319.9381161,178.5341777,189.5926516,245.0178238,202.8021137,33.33133012,56.26391682,22022.14242,2048.497384,2220.798789,2257.236531,1266.859168,1058.974147,294.5211446,516.6287444,1321.32839,1382.375907,1458.433049,1482.75331,1383.167956,1495.768431,1040.675436,774.9094798,372.7900973,251.509238,207.7396503,228.4237536,427.3833788,249.3457458,124.2881691,157.7345414,7628836.68,13126.21986,20630.18786
39,39,ARLETA NC,91331,http://www.arletanc.org/,http://empowerla.org/ANC,ANC@EmpowerLA.org,213-978-1551,6,2002/10/22 00:00:00+00,ARLETA NC,navigatela/reports/nc_reports.cfm?id=6,REGION 1 - NORTH EAST VALLEY,6,3.263525262,6,35592.31725,20750.43057,437.1886729,213.3655288,4277.259125,0,9027.372273,886.701055,7505.771877,28086.54532,17853.04075,1030.62545,980.3579357,1004.553974,909.4269359,540.9872943,279.0911958,366.950749,910.3168559,1642.742843,1369.201695,1127.168901,1067.691167,1575.023792,1292.722569,1140.716633,357.4827177,541.0264815,327.6575439,344.842025,335.7179534,348.9746955,171.5673648,188.1940942,17739.27637,1081.854703,1148.862074,1075.126894,803.9451428,453.7174553,329.8696188,247.8367429,846.6432744,1636.745345,1354.282725,1260.324504,1189.161883,1171.294472,1200.052962,985.5687031,484.1649317,431.3574292,241.8346015,266.8904524,542.4621517,276.397829,383.1060458,327.7763937,12403598.48,16355.35149,10906.09522
40,40,ATWATER VILLAGE NC,90039,http://www.atwatervillage.org/,http://empowerla.org/AVNC,AVNC@EmpowerLA.org,213-978-1551,37,2003/02/11 00:00:00+00,ATWATER VILLAGE NC,navigatela/reports/nc_reports.cfm?id=37,REGION 7 - EAST,37,2.040191501,37,12182.7643,6043.067163,160.5442909,50.05585306,2721.589152,54.20570564,2767.872191,385.4298624,6917.397092,5265.367258,6050.772243,289.0634891,348.6570657,180.1081347,183.8281145,94.73013855,53.18164656,98.21093003,173.8141839,518.7749988,734.727768,628.4828712,495.5472977,388.94385,291.3579134,387.4009551,119.4314219,154.0196586,80.1165492,156.0474778,232.4721728,249.7069073,57.2234088,134.9252828,6131.991966,204.785164,199.4230717,256.8600998,174.7205648,90.74307354,66.59008121,19.07283983,159.7635376,688.4475178,588.1057622,586.5558393,346.7760638,536.0251694,366.8878255,342.2233787,216.5766696,244.2405618,161.7582816,163.9162378,261.2077606,244.4392357,124.4327557,88.44053374,7733895.074,16509.81433,5971.382733
41,41,CHATSWORTH NC,91311,http://chatsworthcouncil.org/,http://empowerla.org/CNC,CNC@EmpowerLA.org,213-978-1551,99,2003/04/29 00:00:00+00,CHATSWORTH NC,navigatela/reports/nc_reports.cfm?id=99,REGION 2 - NORTH WEST VALLEY,99,11.40139995,99,37862.41014,23677.69489,1554.298256,122.8563043,6919.285164,51.12307179,3675.353488,1861.798954,28390.70163,9471.708449,18595.21474,834.0429969,535.2109314,985.762299,793.3797826,534.9990992,315.8480231,226.1114217,629.0533639,1248.640435,1255.904624,1403.849102,1196.165619,1622.450939,1289.374958,1368.715919,690.091298,743.8333486,388.7783472,515.4808662,796.9065136,545.3574241,387.5667741,287.6907093,19267.1953,895.908883,931.9998227,1001.637733,750.5366219,251.6358613,323.8083875,117.2391923,549.3312383,1271.041097,1133.947199,1012.105346,1274.908764,1573.476036,1450.255493,1454.594226,491.8509797,956.8846005,508.9548629,842.6200354,813.7882203,584.2880541,488.9039528,587.4786022,43342971.18,33471.41962,3320.856237
42,42,WEST HILLS NC,,http://www.westhillsnc.org/,http://empowerla.org/WHNC,WHNC@EmpowerLA.org,213-978-1551,11,2002/01/22 00:00:00+00,WEST HILLS NC,navigatela/reports/nc_reports.cfm?id=11,REGION 3 - SOUTH WEST VALLEY,11,9.32904702,11,38716.13897,27087.40109,1211.314357,247.5828115,6050.654602,13.998631,1471.932559,2633.255231,33031.98131,5684.157945,18514.37368,803.8553037,1030.062315,1366.817814,775.3754003,470.7087961,226.915983,185.0001377,590.1093323,886.5619552,899.5862858,1133.881094,1155.327042,1718.207003,1716.37646,1485.440597,476.5377973,705.0002542,326.1324688,656.8246931,706.9248047,535.443009,354.0083188,309.2768731,20201.76555,806.5322715,1015.08794,1289.509867,875.3030628,435.7692948,160.0086345,209.1715437,629.1374995,953.1790261,852.6103342,1049.409144,1617.426743,1490.959878,1839.588465,1532.310029,701.9368446,777.8664407,551.5685595,565.2395123,741.4600221,773.0215715,667.4292409,667.2396056,35426106.85,31057.56673,4150.063654
43,43,EMPOWERMENT CONGRESS SOUTHEAST AREA NDC,, ,http://empowerla.org/ECSEANDC,ECSEANDC@EmpowerLA.org,213-978-1551,87,2002/03/23 00:00:00+00,EMPOWERMENT CONGRESS SOUTHEAST AREA NDC,navigatela/reports/nc_reports.cfm?id=87,REGION 9 - SOUTH LA 2,87,4.255386656,87,76309.22275,22093.70602,22350.25861,319.8629122,329.8689226,4.883039861,30257.18883,953.4543572,23570.98582,52738.23693,35955.64285,3554.701086,3175.232366,3268.994138,2045.800949,1053.623635,584.4164688,817.9243863,1704.01156,2863.717153,2458.059056,2329.071545,2320.231401,2007.611008,2297.427647,1654.128139,636.7762848,719.5469204,567.1250319,533.2662048,591.0967267,433.6791169,136.1484169,203.0535368,40353.57987,3548.011932,3536.618532,3342.379344,1984.265341,1287.414523,770.6512267,608.4261813,1889.793191,3366.951658,3013.762207,2801.520567,2340.997764,2599.742638,2635.363394,2176.619776,659.4297631,760.0082631,397.8482431,506.0454677,711.607162,553.3751312,392.2178169,470.5297827,16064693.73,17846.97457,17932.38287
44,44,COMMUNITY AND NEIGHBORS FOR NINTH DISTRICT UNITY (CANNDU),,http://www.canndunc.org/,http://empowerla.org/CANNDU,CANNDU@EmpowerLA.org,213-978-1551,86,2003/03/11 00:00:00+00,COMMUNITY AND NEIGHBORS FOR NINTH DISTRICT UNITY (CANNDU),navigatela/reports/nc_reports.cfm?id=86,REGION 9 - SOUTH LA 2,86,2.548400014,86,48157.79927,12583.42301,8830.080968,384.7612839,47.39539129,12.96133532,25644.09399,655.0834226,8967.728841,39190.07033,23579.62819,2427.060813,2334.135744,2037.144908,1391.403747,864.0437664,464.4675775,418.6178224,1010.416542,2014.402007,1590.203471,1631.697548,1371.9096,1631.809059,1237.076578,1076.405752,466.0681866,378.1657845,289.2280365,278.3341943,259.0650779,191.5986135,116.7699021,99.60343419,24578.17129,2416.034355,2422.093223,2116.460432,1246.620438,982.3972767,479.7268657,398.2919022,1332.56218,1675.372865,2166.973544,1811.914941,1671.438111,1439.219496,1341.589187,1110.307961,305.5331475,329.9746672,239.0793337,285.9682411,287.7839376,183.2664467,102.2989948,233.2636159,9626552.891,12596.9659,18897.26848
45,45,SYLMAR NC,91342,http://www.sylmarneighborhoodcouncil.org/,http://empowerla.org/SNC,SNC@EmpowerLA.org,213-978-1551,5,2003/05/06 00:00:00+00,SYLMAR NC,navigatela/reports/nc_reports.cfm?id=5,REGION 1 - NORTH EAST VALLEY,5,12.37143635,5,80219.95036,58565.21962,2176.37297,665.5096366,4207.499087,52.01473447,12360.56633,2192.767542,16336.32444,63883.62595,39018.58783,2551.386544,2639.49459,3133.251892,2263.766585,1050.046538,522.2918761,567.984623,2140.276427,3125.517351,2620.48854,2890.696098,2959.912308,2568.841732,2478.676098,2250.735217,903.7958288,958.9466255,585.4823359,731.2677473,746.0430261,621.2770486,426.3518779,282.0568465,41201.36253,2886.766494,3169.503952,3130.518586,1962.859384,1091.413962,663.2504567,729.6272671,1976.571751,2887.621165,2618.818856,3078.490508,3009.037159,2484.135659,2569.646479,2450.85966,806.1469286,1047.818783,653.3598273,757.423399,1148.385519,695.1976526,632.0407976,751.8683733,47099110,41724.25544,6484.287521
46,46,PORTER RANCH NC,91326,http://www.prnc.org/,http://empowerla.org/PRNC,PRNC@EmpowerLA.org,213-978-1551,114,2003/07/01 00:00:00+00,PORTER RANCH NC,navigatela/reports/nc_reports.cfm?id=114,REGION 2 - NORTH WEST VALLEY,114,5.761743228,114,22507.39754,11959.13673,720.4020585,139.3737901,8271.223053,16.99758966,410.9811726,989.283034,20851.32205,1656.075131,11004.4555,622.4732577,708.334764,635.4664925,581.1206378,292.1606037,111.4571357,60.74238708,276.665576,523.2461255,408.0412652,624.9283891,867.3701798,804.9550948,753.2069241,956.4116117,334.662095,486.0100338,360.4731359,292.1431548,541.9321236,403.6128986,176.3268279,182.7147039,11502.94204,765.5568015,678.3607684,613.9283471,421.8514245,197.5196021,71.53418579,61.24034992,299.7073076,363.5293726,579.0707825,678.4837325,914.4249296,829.6014211,1148.579403,737.9598609,393.3017094,537.9349575,297.4343469,449.3726735,526.6221698,394.126244,238.8539827,303.9477003,21919947.7,21766.89184,3906.352063
47,47,WOODLAND HILLS-WARNER CENTER NC,91364,http://www.whcouncil.org/index.php,http://empowerla.org/WHWCNC,WHWCNC@EmpowerLA.org,213-978-1551,16,2002/03/06 00:00:00+00,WOODLAND HILLS-WARNER CENTER NC,navigatela/reports/nc_reports.cfm?id=16,REGION 3 - SOUTH WEST VALLEY,16,15.50823502,16,76618.28956,55346.38875,3796.957669,304.920932,9449.072758,53.67253506,3819.00534,3848.27155,65323.72619,11294.5633,37433.61515,2176.262451,2282.112371,2031.190581,1352.018242,1008.806223,423.4774802,479.3879289,1513.211832,2623.008891,3030.767947,2361.394487,2608.846119,2581.252077,2632.808096,2701.143751,1020.246326,1174.363066,802.779164,1102.257665,1073.202488,932.2510116,667.9904581,854.8364089,39184.67448,2312.250307,2138.26701,1817.602762,1360.963402,617.5494798,286.8622334,341.6308568,1364.806969,2898.57054,2753.624806,2544.79995,3099.712259,2678.483511,2747.039887,2804.884946,1056.002553,1755.819488,758.8205834,1104.209385,1383.608122,1202.126389,1014.189636,1142.849443,58834176.27,38853.04853,4940.490614
48,48,WEST LOS ANGELES NC,90025,http://www.wlanc.com/,http://empowerla.org/WLANC,WLANC@EmpowerLA.org,213-978-1551,66,2003/10/07 00:00:00+00,WEST LOS ANGELES NC,navigatela/reports/nc_reports.cfm?id=66,REGION 11 - WEST LA,66,1.870571754,66,34436.14654,20624.13203,1077.596342,796.4863386,7033.84525,11.00345461,2702.427259,2190.656101,26131.33213,8304.814548,17693.04213,790.6274254,591.6671405,431.462274,114.9655556,209.9459187,144.715888,271.5568663,1212.680912,3599.821464,2646.986427,2145.640404,1092.545443,890.4747251,683.2838748,754.7414894,223.6238072,480.8985879,218.0235569,249.8337193,324.8510425,195.6578522,172.8780537,246.1597179,16743.10453,884.9237067,415.7714442,324.184931,244.4530135,126.6644599,314.5607981,156.7878982,1177.916905,3104.977388,2403.626163,1293.963968,1012.478879,1224.420401,800.7878499,780.9755551,266.0180609,352.7759519,288.7646906,361.5566007,295.3475384,295.9686337,220.4569881,395.7227188,7075663.684,11587.83565,18409.42292
49,49,CENTRAL ALAMEDA NC,94501, ,http://empowerla.org/CANC,CANC@EmpowerLA.org,213-978-1551,110,2003/09/30 00:00:00+00,CENTRAL ALAMEDA NC,navigatela/reports/nc_reports.cfm?id=110,REGION 9 - SOUTH LA 2,110,1.344366299,110,29609.12963,10662.59658,3344.105026,120.4113735,113.8204424,0.174087774,15156.0464,211.9758255,3539.570295,26069.55938,14601.46355,1173.149765,1519.917233,1311.202323,908.2547038,576.8314268,327.3339059,234.1881582,931.6095087,1134.151038,1114.810984,1129.938068,779.9324509,882.3090008,709.9126767,786.8755757,214.9751905,191.531954,141.5716751,175.3425479,125.127221,75.46643948,93.69356259,63.3381194,15007.66606,1483.464882,1542.226393,1217.731379,762.1802643,372.9067985,290.6910424,224.6981248,822.8474945,1335.178363,1137.183758,990.4639201,945.0291496,846.4728983,995.7071391,592.6031722,238.2229938,192.8144457,139.077612,185.8078106,282.1497972,151.9752589,150.9209538,107.3124322,5081112.418,9112.388827,22024.59973
50,50,OLYMPIC PARK NC,90019,http://opnc.org/,http://empowerla.org/OPNC,OPNC@EmpowerLA.org,213-978-1551,104,2003/12/02 00:00:00+00,OLYMPIC PARK NC,navigatela/reports/nc_reports.cfm?id=104,REGION 6 - CENTRAL 2,104,1.131346281,104,20275.36461,6160.562581,2097.998875,131.4602441,5424.699302,0.256677642,5608.698458,851.6883711,10624.825,9650.539558,9819.064149,554.0318965,529.4959162,468.3513658,301.1609427,303.7912237,81.60545717,229.9440361,487.5590441,744.4959793,972.03359,1017.190188,775.3505996,635.2740853,796.0307535,436.4679291,189.1912719,289.4177447,207.6793584,195.4858308,253.0021941,166.7423907,81.23175069,103.5304967,10456.30057,614.3828922,724.9053985,678.5218457,458.8742818,307.3619612,59.812574,55.11249136,249.511855,780.3075303,737.4470153,932.5574365,799.1325327,720.0106498,715.4440368,659.9432554,214.5430908,307.5443964,265.5916322,242.2268576,308.8926453,172.1112641,140.8865611,311.1783147,4281046.422,12306.40339,17921.44895
51,51,HARBOR GATEWAY NORTH NC,90248,http://www.harborgatewaynorth.org/,http://empowerla.org/HGNNC,HGNNC@EmpowerLA.org,213-978-1551,90,2002/11/12 00:00:00+00,HARBOR GATEWAY NORTH NC,navigatela/reports/nc_reports.cfm?id=90,REGION 12 - HARBOR,90,3.168641391,90,35594.44865,10335.15393,10309.78092,113.0737642,2267.670114,7.001239591,11740.04245,821.7263321,13772.53168,21821.91712,17232.79873,1680.093126,1454.402843,1395.267935,790.1144339,503.9366162,269.9964552,358.0618085,984.0278882,1214.443222,1003.400081,1310.203375,1074.351046,1090.115085,1199.297923,864.1098336,355.3524979,424.9522894,168.0214766,167.6338241,281.3550393,343.1542982,171.2818869,129.2256303,18361.65015,1297.795066,1274.431572,1264.608842,884.813429,491.4255126,271.5921864,447.5162019,807.6230637,1465.986944,1498.238337,1194.599424,1104.251112,1175.26343,1185.276655,1014.964745,404.1818605,551.3968339,280.4002035,342.3646306,429.1945425,455.130298,204.8802303,315.7149154,11951322.98,25609.67992,11233.34712
52,52,EMPOWERMENT CONGRESS WEST AREA NDC,,http://www.ecwandc.org/,http://empowerla.org/ECWANDC,ECWANDC@EmpowerLA.org,213-978-1551,79,2002/03/23 00:00:00+00,EMPOWERMENT CONGRESS WEST AREA NDC,navigatela/reports/nc_reports.cfm?id=79,REGION 10 - SOUTH LA 1,79,3.266418903,79,36480.70984,7610.357624,22850.8865,115.3349165,1363.615952,61.17072291,2912.147394,1567.19665,27475.88244,9004.827301,16319.93546,1077.44235,949.3359893,913.5394315,764.4570973,303.3954515,240.3128156,272.9149863,744.6238388,1259.449084,1042.773673,1143.105611,1179.227708,1223.755928,1086.451871,1081.99845,427.9854799,554.1989004,363.9259774,243.6579123,370.1975318,385.0403071,456.158595,235.9864943,20160.77428,959.7303136,546.4395961,796.724097,567.2447143,380.6626234,142.1540156,188.0984162,875.9745141,1415.560071,1378.723625,1236.37024,1593.60945,1450.106152,1535.193811,2067.530908,539.8109501,757.9975432,359.5945785,788.5701932,961.1766362,680.4785939,540.4577957,398.5654849,12348943.48,23065.33946,11168.41132
53,53,HARBOR GATEWAY SOUTH NC,90248,http://www.harborgatewaysouth.org/,http://empowerla.org/HGSNC,HGSNC@EmpowerLA.org,213-978-1551,91,2003/04/08 00:00:00+00,HARBOR GATEWAY SOUTH NC,navigatela/reports/nc_reports.cfm?id=91,REGION 12 - HARBOR,91,3.220243801,91,22318.82577,6481.298212,2109.56034,52.47686821,5040.626919,119.4036583,6958.628108,1556.831408,10597.46347,11721.36204,10846.79194,878.3722039,840.6957069,718.3169414,333.8017426,272.7571524,89.40748045,201.5293014,470.9038867,901.0013997,1076.235096,994.8909429,810.3424458,550.2580911,697.3233458,618.6480085,290.5966413,150.3452703,136.4206924,163.4913599,272.5488375,202.5014798,80.11601284,96.28797187,11472.03349,921.3681763,986.2480122,721.8803255,432.6392714,285.1567702,237.0203218,177.9916357,503.2757459,857.8471755,988.0716653,954.4755732,671.7305567,715.1252269,572.9868491,819.7024424,167.8197,214.5996714,244.0041246,227.5856502,202.6149943,135.6349924,269.3813827,164.8730932,12128132.66,27911.83806,6930.787591
54,54,GLASSELL PARK NC,90065,http://glassellparknc.org/,http://empowerla.org/GPNC,GPNC@EmpowerLA.org,213-978-1551,39,2002/01/08 00:00:00+00,GLASSELL PARK NC,navigatela/reports/nc_reports.cfm?id=39,REGION 8 - NORTH EAST LA,39,2.542426997,39,23680.00517,11386.05432,485.6075059,241.5973814,4619.855511,31.72551539,6012.857961,902.3068936,9478.552569,14201.45268,12100.63249,906.0578009,846.0749889,707.8198173,510.2066818,340.7872598,175.7978893,144.4986969,608.7263392,963.1500405,945.9964573,1081.639672,961.9139731,743.2497538,788.3845506,596.2186743,238.9358883,347.2816334,124.4049163,292.9841573,301.7532333,200.1279622,178.2541089,96.36807385,11579.37255,749.445646,567.6706271,609.3948116,408.0837409,214.2706523,136.4160368,112.7714016,466.8544514,981.6337698,764.0900387,839.6768345,1079.639558,833.5651621,789.3500201,734.1795156,269.9006208,376.3200551,247.5877095,335.4296427,342.9421755,336.6557119,236.6833653,146.8110077,9635827.699,16474.66882,9313.937117
55,55,HOLLYWOOD STUDIO DISTRICT NC,90038,http://hsdnc.org/,http://empowerla.org/HSDNC,HSDNC@EmpowerLA.org,213-978-1551,33,2005/11/01 00:00:00+00,HOLLYWOOD STUDIO DISTRICT NC,navigatela/reports/nc_reports.cfm?id=33,REGION 5 - CENTRAL 1,33,1.264231758,33,30370.81372,10269.9994,1442.337993,101.1012191,2756.535556,56.90418044,14802.70247,941.2328355,11093.39247,19277.42116,15992.96249,989.5002766,909.7290628,844.1137655,456.1485931,291.5236061,324.6395287,351.0325806,1073.712108,1646.139798,1703.395699,1516.112308,1169.042898,1170.79715,1000.821956,876.9830199,314.0742989,480.3620318,193.0488371,178.6961881,178.9022459,129.8757207,134.6506807,59.66015862,14377.85117,916.8556484,772.1763561,697.4340348,449.213899,360.6184548,371.3759042,261.377814,1006.848999,1442.382288,1267.62546,1040.319452,1153.676381,811.0484274,990.8748914,765.9075471,329.1215628,321.5056074,307.4586551,215.1377679,376.7431389,243.9381124,129.8052397,146.4055127,4788431.223,9845.721853,24023.13778
56,56,EAST HOLLYWOOD NC,90029,http://easthollywood.net/,http://empowerla.org/EHNC,EHNC@EmpowerLA.org,213-978-1551,34,2007/04/19 00:00:00+00,EAST HOLLYWOOD NC,navigatela/reports/nc_reports.cfm?id=34,REGION 5 - CENTRAL 1,34,1.697487763,34,48010.25667,19495.04306,1357.812572,168.1822424,8499.632766,69.43839103,17145.69044,1274.4575,22803.13087,25207.12609,23900.68114,1289.28724,1231.520613,1089.860731,583.6346782,508.245066,322.8980437,345.8430452,1190.597249,2813.722244,2380.853396,1782.016724,1768.547852,1704.323746,1616.045797,1496.18756,543.8930529,638.5678897,514.5843301,565.1292134,645.8183554,367.1960044,292.9961872,208.9122249,24109.57562,1186.124044,1266.49834,1006.287884,556.5389289,545.5924421,450.3517161,235.606057,1252.175978,2343.568802,1987.672443,1692.48321,1477.015689,1577.669785,1555.401566,1451.962271,751.192206,898.311198,530.7009684,653.6510932,830.3932065,644.7290915,635.0153931,580.6333467,6429506.93,10253.19124,28283.12386
57,57,PANORAMA CITY NC,91402,http://www.panoramacitync.org/,http://empowerla.org/PCNC,PCNC@EmpowerLA.org,213-978-1551,100,2007/03/15 00:00:00+00,PANORAMA CITY NC,navigatela/reports/nc_reports.cfm?id=100,REGION 1 - NORTH EAST VALLEY,100,3.579274924,100,69343.96549,33185.81378,1879.121048,338.3584174,10317.76433,59.91735336,22524.07742,1038.913714,17858.84673,51485.11934,34077.27837,2903.913001,2673.556348,2586.461117,1746.406872,1188.000693,433.7952494,627.2346678,1795.103426,2933.581532,2555.70948,2646.564804,2354.43951,2287.100961,2100.536939,1403.662288,741.3817638,717.6918621,518.5427197,416.5657825,503.4205629,413.0382852,338.1367957,192.4338229,35266.6876,2635.139225,2739.262702,2791.239986,1421.930639,922.4930767,627.8034324,441.1297793,1664.772688,2718.572248,2681.925735,2653.448277,2397.519861,2441.840676,2053.574704,2077.990086,775.0930768,912.2098458,434.888847,584.1334519,722.0053705,610.869936,501.8839873,456.9598485,13598234.49,18032.87362,19373.74663
58,58,EAGLE ROCK NC,90041,http://www.eaglerockcouncil.org/,http://empowerla.org/ERNC,ERNC@EmpowerLA.org,213-978-1551,40,2002/04/02 00:00:00+00,EAGLE ROCK NC,navigatela/reports/nc_reports.cfm?id=40,REGION 8 - NORTH EAST LA,40,4.129523482,40,32678.78186,17395.88183,520.9560162,244.2026341,8603.603842,109.2038951,3750.931772,2054.001944,19614.34086,13064.44109,15731.40534,938.8136905,739.7579156,754.0008389,444.0597346,597.9578914,282.0462043,392.3398389,561.0600806,1016.968815,1324.877646,1181.524302,1267.3636,1079.324277,832.265902,1133.130288,320.0345931,618.3845256,308.6814373,423.6701686,646.3017585,279.8775629,230.0439052,358.9204677,16947.3763,786.107089,947.9338135,654.9074383,466.7455407,769.3656843,231.3039947,225.3825789,652.9489932,1067.702554,1107.908504,1173.320959,1104.325152,1075.349275,1089.621869,1124.838189,551.7239311,867.180996,342.4207412,443.6070452,708.8827629,662.7349563,406.8349439,486.2293919,15658433.26,22836.64132,7913.451032
59,59,LAKE BALBOA NC,91406,http://lakebalboanc.org/,http://empowerla.org/LBNC,LBNC@EmpowerLA.org,213-978-1551,19,2004/09/09 00:00:00+00,LAKE BALBOA NC,navigatela/reports/nc_reports.cfm?id=19,REGION 3 - SOUTH WEST VALLEY,19,8.810006778,19,45599.79994,21452.44901,1910.771702,116.893043,3769.19143,19.24264143,17012.72196,1318.53013,19712.91129,25886.88883,22982.36137,1813.759625,1579.76438,1741.813291,1082.920726,511.1060734,224.0054619,296.6015824,951.9003725,1551.832855,2160.921047,1678.799379,1998.45536,1655.139562,1771.561394,1272.920732,326.5880877,510.5157114,185.7296932,418.5972543,455.8484183,339.4515959,225.9468819,228.1818906,22617.4386,1470.289764,1619.175489,1577.222568,770.4039676,596.9212957,139.2258018,272.3680182,805.7295621,1798.40688,1908.605898,1764.875918,1830.020594,1608.755559,1244.750453,1344.140059,449.3596599,663.0136154,475.5591242,385.5595407,759.2753602,525.5362604,329.320333,278.9229078,33445560,25832.36676,5175.909746
60,60,ENCINO NC,91316,http://www.encinonc.org/,http://empowerla.org/ENC,ENC@EmpowerLA.org,213-978-1551,18,2002/10/08 00:00:00+00,ENCINO NC,navigatela/reports/nc_reports.cfm?id=18,REGION 3 - SOUTH WEST VALLEY,18,13.58770446,18,46406.16205,39111.96191,1510.796786,32.84545222,3619.362058,19.00540147,623.9187504,1488.271961,41594.25124,4811.911039,21816.90791,1138.178664,1178.245195,1276.04863,793.4343397,309.5444347,132.9107386,314.3475584,606.7346815,1487.002746,1425.355196,1621.711504,1651.855589,1380.760739,1274.563217,1455.507271,707.1984181,962.7650159,361.9554148,695.3810278,1170.758296,639.9146158,650.5832694,582.1512601,24589.25427,1288.366415,1068.477007,1371.3421,834.2606176,302.0705737,253.6779091,135.3305383,670.1268531,1385.476599,1845.541874,1554.868317,1522.357469,1516.710334,1744.232974,1898.414364,744.5697118,1142.587883,623.9111342,1076.354536,1073.475897,768.0582647,826.7882428,942.2546836,51538611.68,32774.52663,3415.30552
61,61,MACARTHUR PARK NC,90057,http://macarthurparknc.org/,http://empowerla.org/MPNC,MPNC@EmpowerLA.org,213-978-1551,54,2003/06/03 00:00:00+00,MACARTHUR PARK NC,navigatela/reports/nc_reports.cfm?id=54,REGION 6 - CENTRAL 2,54,0.638402685,54,30804.36468,7032.702704,1435.972309,199.3803378,5586.878654,39.10936658,15985.82213,524.4991762,8810.371489,21993.99284,15745.65397,1015.627658,924.8716392,907.8333915,668.2357923,410.314553,155.0795372,189.1679868,641.4086114,2006.236829,1833.8278,1415.605278,1189.389514,1062.690486,861.0781674,782.220912,193.4477131,267.129981,335.4148209,179.2547988,291.5443613,207.9806027,125.6316303,81.66194979,15058.71042,1166.571597,1081.291551,941.178585,580.7667086,271.8426039,234.4256308,204.1287532,680.7104759,1601.66232,1379.720506,1100.138533,934.7761836,875.693972,852.9312578,689.4559632,271.5647745,463.9971315,173.8465118,374.7120795,377.8969493,355.4073975,198.2482443,247.7427523,2416175.453,7457.037922,48252.24797
62,62,NORTHRIDGE SOUTH NC,91324,http://www.northridgesouth.org/,http://empowerla.org/NSNC,NSNC@EmpowerLA.org,213-978-1551,124,2010/05/04 00:00:00+00,NORTHRIDGE SOUTH NC,navigatela/reports/nc_reports.cfm?id=124,REGION 2 - NORTH WEST VALLEY,124,4.294034557,124,31224.13026,16964.26806,2441.319567,104.1298941,3632.88165,188.2479255,6753.658244,1139.62489,16984.15042,14239.97946,15915.92336,1136.976728,1029.284853,1140.223698,420.4340115,416.722654,253.9502041,126.6373251,949.2627536,1721.508339,1074.528991,1205.738077,935.9970776,1009.462788,917.9876558,945.3663924,424.3519284,461.014012,195.8763382,398.2713112,374.2225508,372.4477709,190.9942494,214.66374,15308.20653,1085.099469,890.5711859,904.5599769,595.7487614,302.4026693,360.5861324,186.2602211,596.4826119,1095.674965,979.4529554,1101.901311,858.0120309,1077.360609,1324.691,905.3535005,303.1826565,530.797032,254.8073842,419.0591676,333.9688178,406.3667689,349.7558827,446.1115024,16313808.92,23607.09896,7271.513502
63,63,WINNETKA NC,91306,http://www.winnetkanc.com/,http://empowerla.org/WINNETKA,WinnetkaNC@EmpowerLA.org,213-978-1551,14,2003/07/22 00:00:00+00,WINNETKA NC,navigatela/reports/nc_reports.cfm?id=14,REGION 3 - SOUTH WEST VALLEY,14,4.41645381,14,49111.3669,21535.69981,1738.649144,204.2799039,8128.444239,58.11396605,14864.00346,2582.176597,23027.62768,26083.73955,25103.28418,1484.148881,1598.071952,1570.638166,960.4534,532.029526,489.9608862,401.538224,1107.789089,2325.453748,2092.035098,1767.86571,1934.391182,1449.787154,1883.135915,1732.584849,622.1143101,783.9997663,465.1019949,433.8029785,543.2397435,405.3306565,263.3301311,256.4807523,24008.0832,1439.481924,1402.938681,1144.834204,984.8736505,467.6159366,452.8221646,297.8713171,1160.943721,1902.553288,1614.623311,1705.523974,1988.7126,1568.827148,1665.440124,1722.646461,688.6964011,841.1202508,421.5829899,555.1906091,651.8890713,501.0303352,389.5796831,439.2852332,16771840.16,18930.44041,11120.09069
64,64,WESTLAKE NORTH NC,91361, ,http://empowerla.org/WNNC,WNNC@EmpowerLA.org,213-978-1551,97,2011/06/07 00:00:00+00,WESTLAKE NORTH NC,navigatela/reports/nc_reports.cfm?id=97,REGION 6 - CENTRAL 2,97,0.503541487,97,25071.91366,9078.286263,896.1664522,726.0941561,2786.83721,37.01711414,11141.70068,405.8116243,4487.799478,20584.11413,13329.82771,1143.853278,1151.519453,1033.861772,466.1623998,348.9914789,297.6894711,214.1485206,794.8443484,1219.667457,1320.418758,1305.440751,921.9560904,711.3428979,717.9750977,614.8768258,182.9754312,188.217238,73.37653776,94.21548564,164.9931106,190.772696,98.41549723,74.11305551,11742.08587,875.9529068,834.1853084,879.27221,449.8942016,317.2269479,115.6361446,171.3283985,533.6793134,929.0927722,1237.724907,956.0521969,800.2772219,682.8799166,623.7897341,545.8551065,156.0501484,223.1810182,86.11355043,154.745821,418.6495022,250.2203676,271.46772,228.8105006,1905913.238,7203.177603,49791.15787
65,65,WESTLAKE SOUTH NC,91361, ,http://empowerla.org/WSNC,WSNC@EmpowerLA.org,213-978-1551,121,2011/06/07 00:00:00+00,WESTLAKE SOUTH NC,navigatela/reports/nc_reports.cfm?id=121,REGION 6 - CENTRAL 2,121,0.484016752,121,21708.61344,6852.496787,956.7839545,204.443043,2034.371573,4.046400909,11297.35849,359.1133439,4435.340273,17273.27332,12415.64859,682.2274207,676.4574181,746.3745883,419.6340908,284.8949202,224.5804513,177.6541143,787.2511023,1535.202775,1359.81749,1395.822408,1183.911329,741.0548982,492.8002604,408.4666578,206.648282,233.5958772,156.0302515,123.6281129,241.7699487,164.2681247,69.45394897,104.1041042,9292.96509,768.0768203,743.914176,549.5227231,409.7498037,340.8358823,157.6723869,134.3268839,613.4539073,785.6914956,700.6736819,614.8136864,778.6478151,449.7257977,284.6768353,591.9947211,193.3862792,185.5110142,177.055598,138.4740355,118.92613,243.9333327,100.0607832,211.8412846,1831680.133,6523.436389,44850.95475
66,66,MID CITY NC,90019,http://mincla.org/,http://empowerla.org/MINC,MINC@EmpowerLA.org,213-978-1551,73,2002/02/19 00:00:00+00,MID CITY NC,navigatela/reports/nc_reports.cfm?id=73,REGION 10 - SOUTH LA 1,73,1.823620275,73,29432.2496,10591.02732,8369.098844,251.3667785,1337.664839,0.001275041,7968.798853,914.2917269,12909.72601,16522.52361,13994.83954,940.1808405,787.6266201,976.5222643,542.5571771,314.0405695,234.0219159,155.5242273,701.8837914,1304.088375,1138.742882,885.1650632,1208.005923,1022.993704,1065.062279,909.9907919,284.2929112,391.8309951,180.4622564,242.4991312,296.3104773,201.9144314,79.16086491,131.962083,15437.41003,914.8062253,832.675044,1215.08928,556.3363074,340.1295263,141.4907975,331.2127974,679.3802751,969.953093,1374.672923,1058.262798,1183.303117,1065.723786,1001.968488,1019.971205,373.7097945,423.8052674,317.3132291,316.7862101,473.9742588,330.5424336,215.6867302,300.6164826,6898754.637,13342.01345,16139.46171
67,67,GREATER VALLEY GLEN COUNCIL,91401,http://greatervalleyglencouncil.org/,http://empowerla.org/GVGC,GVGC@EmpowerLA.org,213-978-1551,21,2002/08/27 00:00:00+00,GREATER VALLEY GLEN COUNCIL,navigatela/reports/nc_reports.cfm?id=21,REGION 4 - SOUTH EAST VALLEY,21,3.821132486,21,47128.08721,32049.12776,2490.543985,94.73146754,2835.899992,11.58424773,8251.041849,1395.158074,30440.816,16687.27129,23172.50339,1292.345645,1247.909145,1388.980758,966.8458921,454.3498261,273.5401359,277.2438775,992.4974996,2470.265136,2038.984252,1815.974469,1472.756739,1557.564651,1759.211,1615.238898,538.2785303,804.0731934,308.7637466,444.6808641,483.5652454,443.8442063,329.7595122,195.8301996,23955.5838,1244.399293,1149.022568,1394.02678,884.7261113,506.9192835,294.4791906,331.4142014,998.4079901,1831.045214,1957.290172,1875.221381,1540.376162,1738.229369,1554.946719,1795.503823,681.4751494,706.2163179,623.2283656,475.1479195,772.5182164,668.7756595,376.2182776,555.9956245,14503239.88,17823.73311,12333.53918
68,68,NOHO WEST NC,91601,http://nohowest.org/,http://empowerla.org/NOHOWESTNC,NoHoWestNC@EmpowerLA.org,213-978-1551,22,2011/01/11 00:00:00+00,NOHO WEST NC,navigatela/reports/nc_reports.cfm?id=22,REGION 4 - SOUTH EAST VALLEY,22,2.177450829,22,20340.48152,13367.73324,602.399665,323.8106363,1525.089825,63.70178772,4082.599911,375.1464895,9851.958196,10488.52346,10077.73532,462.4799693,708.9836012,823.8794442,280.9386996,297.6302447,156.655603,213.1088195,425.8304033,1099.634581,703.6152728,656.0478637,585.7877111,705.8284212,741.7585021,673.5009423,151.8894745,290.4083392,164.3672292,240.0614018,372.7047027,175.2250391,41.4390057,105.9599864,10262.74624,524.7631365,448.2003587,514.9938936,472.6173021,292.3252069,206.6822509,176.2378869,452.7190802,951.6928494,699.4353527,611.1852518,697.0998293,668.1040249,736.2071016,537.435437,428.7253604,337.956704,152.5364327,195.7988086,417.0073726,257.3071891,234.5664849,249.1489623,8269357.785,11541.74038,9341.419447
69,69,WESTWOOD NC,90024,http://www.wwnc.org/,http://empowerla.org/WWNC,WWNC@EmpowerLA.org,213-978-1551,63,2010/01/19 00:00:00+00,WESTWOOD NC,navigatela/reports/nc_reports.cfm?id=63,REGION 11 - WEST LA,63,3.772120511,63,54441.6054,33471.42876,1146.109537,69.90123005,15121.56276,39.74900524,1816.044566,2776.809842,48768.52555,5673.080017,25730.90353,598.5712297,606.1222589,530.7828357,409.3202204,3913.607625,2007.939134,1906.202237,2720.192178,2462.623707,1931.915092,1297.468471,764.1376889,892.9667673,1004.98807,1042.078877,218.9615818,468.5398768,272.1306632,429.6702821,640.6986335,427.7658775,365.3750601,818.8452638,28710.70183,505.6008611,767.734439,471.0643345,569.4203455,5840.041964,2222.779254,2720.880304,2490.254729,1818.559226,1419.175638,1202.62481,909.1108184,1058.534636,978.6972601,1057.62898,442.1737352,620.0260877,355.5626657,554.3053223,564.9092018,484.9148197,627.9251969,1028.777305,14277756.29,20530.3616,14432.62622
70,70,NORTH HILLS EAST,91343,http://www.northhillseastnc.org/,http://empowerla.org/NHENC,NHENC@EmpowerLA.org,213-978-1551,112,2010/09/14 00:00:00+00,NORTH HILLS EAST,navigatela/reports/nc_reports.cfm?id=112,REGION 2 - NORTH WEST VALLEY,112,1.93057872,112,41910.70912,15661.28616,1385.803933,101.4759591,4961.692608,68.73833535,18667.32252,1064.389461,9966.951622,31943.75768,21078.46984,2172.375014,1666.307155,1882.05354,984.3552002,677.521641,336.7931054,381.1536946,1256.233728,1848.274407,1567.481042,1559.798167,1465.70292,1543.21475,1113.923028,990.5426551,191.7195005,334.2401274,133.6227163,269.3670307,278.5370152,201.1501992,105.0350793,119.068095,20832.23934,1779.902225,1827.921974,1551.971648,1007.69655,726.7478939,466.5626604,390.6618998,1312.258686,1523.379087,1664.141646,1583.41718,1356.246552,1371.082108,1295.490367,868.2087529,309.6902312,295.5183466,183.3775183,232.909472,375.1150365,260.615174,216.923314,232.4010229,7336404.996,13448.0426,21708.88382
71,71,PALMS NC,90034,http://palmsla.org/,http://empowerla.org/PALMSNC,PalmsNC@EmpowerLA.org,213-978-1551,115,2004/12/14 00:00:00+00,PALMS NC,navigatela/reports/nc_reports.cfm?id=115,REGION 11 - WEST LA,115,0.94708223,115,27464.7067,15561.24238,2535.003369,154.5048324,5798.362354,114.4663042,1635.788875,1665.338669,20478.34891,6986.357952,14170.6477,769.7096366,497.2292976,470.7155142,104.1342026,187.3295003,60.40635556,39.66869777,1058.98523,2605.647796,2351.52399,1519.336154,1200.413881,988.921626,698.3446657,470.2591159,175.6319735,164.077346,116.4258889,158.2379121,268.7645906,193.5877524,49.54452956,21.75197847,13294.05902,690.1860933,350.405578,337.9455918,195.3116399,271.1381,48.41393692,124.6474145,1026.077684,2831.911326,1914.386117,1152.456565,861.7689182,742.9584973,595.1256796,551.6475214,150.3974865,370.2391472,242.2913343,313.6186437,135.5768932,135.8171404,139.7026181,112.0351231,3581284.898,11534.96389,28999.28416
72,72,WESTSIDE NC,,http://www.wncla.org/,http://empowerla.org/WNC,WNC@EmpowerLA.org,213-978-1551,62,2002/06/04 00:00:00+00,WESTSIDE NC,navigatela/reports/nc_reports.cfm?id=62,REGION 11 - WEST LA,62,3.763992489,62,32055.67286,23912.29767,820.3822026,30.40209853,5328.888533,137.9750731,570.8117108,1254.915451,28979.53902,3076.133834,15376.52925,731.342334,980.2278795,949.419105,511.1146785,213.6458747,156.075157,121.9630747,586.7608083,1346.672832,1162.74258,1301.08752,932.4072523,1089.428639,1142.323434,768.7347242,402.9402801,351.4683174,343.1391777,345.7860845,561.9646748,480.9345389,292.1070753,604.2432699,16679.14345,653.193275,1124.583349,690.2504945,284.1737419,78.34816038,70.80048557,80.1993358,604.698955,1189.78502,1460.519316,1137.450437,1268.583316,1257.259608,985.3112736,1219.913261,415.2414398,531.8032552,497.7301526,328.1487373,911.4274759,628.8334242,450.1501005,810.7387854,14239578.54,17605.67425,8516.40192
73,73,DOWNTOWN LOS ANGELES,,http://dlanc.com/,http://empowerla.org/DLANC,DLANC@EmpowerLA.org,213-978-1551,52,2002/04/27 00:00:00+00,DOWNTOWN LOS ANGELES,navigatela/reports/nc_reports.cfm?id=52,REGION 6 - CENTRAL 2,52,5.03681424,52,42837.25503,16631.74003,7387.889917,354.061984,9230.720237,70.47541662,6973.214377,2189.153099,30683.48955,12153.76529,24928.4114,764.9836749,392.947182,416.574413,246.3544567,238.6406924,197.5675952,209.5908844,1222.906026,3229.066541,3567.645447,2550.28608,2047.205902,2313.527508,1716.444607,1818.810544,522.2846408,858.9935797,487.8170166,587.8573951,487.6125742,520.436827,242.8711552,287.9866532,17908.84363,664.9518316,414.2891648,431.6062593,260.6059757,435.3412719,258.6138112,325.8841623,1044.17841,2928.048104,2337.990931,1341.398657,1232.120791,809.7572981,965.0191705,824.8447274,515.916875,398.9362275,208.966436,307.5159837,466.5820225,633.1760711,580.3233323,522.7760622,19054073.27,24008.44836,8504.831226
74,74,NORTHRIDGE WEST,91324,http://www.northridgewest.org/,http://empowerla.org/NWNC,NWNC@EmpowerLA.org,213-978-1551,113,2004/10/26 00:00:00+00,NORTHRIDGE WEST,navigatela/reports/nc_reports.cfm?id=113,REGION 2 - NORTH WEST VALLEY,113,4.059498953,113,22891.95831,13330.98435,1582.71917,42.19284064,4804.133759,143.7039544,1952.475821,1035.748239,18312.08789,4579.870397,11530.83394,703.6059112,532.9557455,547.3738669,485.9653006,396.3607076,341.0436808,246.232762,707.5405365,745.2598112,670.1720135,601.8016808,726.2830732,676.4389475,708.6293169,748.1684193,290.9979141,448.2941949,244.9952956,187.8869979,499.2094902,395.4435074,296.3349682,329.8397708,11361.1243,342.8455171,529.6108294,743.9796889,302.2859073,225.6445872,182.9322153,256.7440744,860.6181238,824.0569656,578.2375186,612.4482569,580.7072276,784.0550512,750.6863692,637.0776185,343.7509485,523.9460065,206.6014259,392.7596197,455.6174703,457.931262,403.9802449,364.607395,15432543.62,17073.74806,5639.109303
75,75,GRANADA HILLS NORTH NC,91344,http://ghnnc.org/,http://empowerla.org/GHNNC,GHNNC@EmpowerLA.org,213-978-1551,4,2002/09/10 00:00:00+00,GRANADA HILLS NORTH NC,navigatela/reports/nc_reports.cfm?id=4,REGION 2 - NORTH WEST VALLEY,4,11.54172635,4,25679.06162,16715.07171,975.8587269,106.1887237,4253.935766,66.722846,1962.219727,1599.063957,19511.94347,6167.118045,12836.22713,670.8917158,722.5829532,687.8674754,634.8802646,179.2880879,202.3454811,112.5485621,433.3224284,833.5203226,752.1692453,721.982685,845.5130872,948.5599761,1071.16402,1021.118152,399.3610339,533.2909724,282.1054921,373.172479,601.5577133,358.4362453,243.8977217,206.6510695,12842.83428,448.8908424,540.5090462,779.625389,641.0310662,324.0387744,216.4590387,221.8993031,439.2978612,645.0934615,715.559243,703.6778309,897.0441736,976.9000754,1031.305192,987.0335793,347.7975145,520.2192384,399.9446612,389.6218552,560.7363194,359.9251375,346.4910185,349.7336432,43923399.45,29109.52749,2224.889141
76,76,GRANADA HILLS SOUTH NC,91344,http://ghsnc.org/,http://empowerla.org/GHSNC,GHSNC@EmpowerLA.org,213-978-1551,118,2006/01/17 00:00:00+00,GRANADA HILLS SOUTH NC,navigatela/reports/nc_reports.cfm?id=118,REGION 2 - NORTH WEST VALLEY,118,3.659426433,118,28703.52111,15068.5421,1412.042175,150.9019921,4733.112497,18,5741.753181,1579.169203,17209.17129,11494.34994,14280.26232,766.8936892,593.0471198,1066.993529,863.850601,346.3096255,191.0575109,185.6486656,779.2587259,941.7051287,934.6084646,860.8076907,942.4360532,1237.514849,945.5478493,998.0349996,439.0420936,404.340313,316.8104789,347.6550043,261.4332018,353.6467343,252.2622853,251.3576699,14423.25882,690.5910992,785.1338253,754.4902956,486.7535673,277.2606572,170.462404,243.1996593,660.9832451,955.3039678,850.8711972,783.0544346,1114.13913,1175.965,1210.783401,1124.235098,299.118772,605.7610785,255.8543978,375.8475921,423.5334879,292.598308,359.4208444,527.8974066,13915995.2,17104.6479,7843.721315
77,77,RAMPART VILLAGE NC,90004,http://www.rvnc.org/,http://empowerla.org/RVNC,RVNC@EmpowerLA.org,213-978-1551,53,2007/03/05 00:00:00+00,RAMPART VILLAGE NC,navigatela/reports/nc_reports.cfm?id=53,REGION 7 - EAST,53,0.818857337,53,25596.59722,6057.41238,1168.990364,185.0493582,10740.10063,132.5414077,6576.751232,735.7516616,14679.65209,10916.94482,12852.11925,657.7101883,712.8880625,589.8969592,382.6942088,277.6860196,171.2432293,203.9236161,437.4261488,1547.21258,1569.78251,1139.944133,1108.718696,766.2454514,860.4988966,943.3397597,238.8287061,259.9730785,266.6846747,241.7037761,257.8635071,112.6223076,90.68139218,14.55133027,12744.47783,747.0108765,561.4806638,558.5635484,407.638246,218.3960012,206.613904,136.7008832,602.4210392,1147.19246,1263.127231,985.8410479,1054.541095,977.5276132,1028.659954,636.1810724,391.7263031,408.5288765,341.6372983,267.2139787,309.5487019,172.4644044,123.6395809,197.8229845,3100065.328,8262.151248,31258.9215
78,78,BEL AIR-BEVERLY CREST NC,90210,http://babcnc.org/,http://empowerla.org/BABCNC,BABCNC@EmpowerLA.org,213-978-1551,64,2002/10/08 00:00:00+00,BEL AIR-BEVERLY CREST NC,navigatela/reports/nc_reports.cfm?id=64,REGION 11 - WEST LA,64,17.00478168,64,26781.25319,22725.56119,565.3443114,19.44660294,1885.523519,26.24490957,342.8999628,1216.232775,24775.73833,2005.514866,13503.19865,794.9555751,832.4480095,674.092905,306.3849293,288.3930949,99.29589637,102.3125553,336.4922178,276.3963293,621.9957505,890.7333858,913.0767295,1311.07596,1379.341479,1090.926073,303.925389,398.774142,480.9984404,463.8986951,614.9114712,530.8236945,365.5551005,426.3908484,13278.05444,600.4347971,595.1496327,750.2187501,342.5948277,363.9824465,78.34837868,120.4053388,300.781481,469.2477545,585.7387304,1017.75129,960.489557,1083.334796,1274.023415,1046.301293,320.1877806,701.2333823,353.3228538,385.3715697,629.3559913,568.0455324,278.7377898,452.9971016,64425355.38,56927.50303,1574.924848
79,79,HOLLYWOOD HILLS WEST NC,90069,http://www.hhwnc.org/,http://empowerla.org/HHWNC,HHWNC@EmpowerLA.org,213-978-1551,29,2002/05/07 00:00:00+00,HOLLYWOOD HILLS WEST NC,navigatela/reports/nc_reports.cfm?id=29,REGION 5 - CENTRAL 1,29,8.3923439,29,39346.47252,29380.67106,2134.409635,167.4777211,2903.421226,46.75609264,2368.277095,2345.459668,34361.31909,4985.153653,21845.16323,636.0862293,468.5490099,255.368547,247.8249576,326.0439078,218.7465941,229.1957201,1115.221483,2924.108453,3058.438435,2536.769715,1996.067339,1877.858612,1488.614266,1508.74918,473.9115249,541.7360796,361.2215889,307.6740417,414.9061643,306.0818501,174.5122446,377.4773586,17501.30907,410.1657217,331.7925846,528.9764019,210.4870786,276.6568081,133.3391574,310.0830212,1035.450211,2911.817971,2141.011389,1340.367248,1431.953464,1165.175274,1072.008779,831.6832736,409.6840099,439.3979116,350.6782947,310.3681831,539.3852331,389.4109942,287.6030887,643.8130828,31810795.07,33163.59621,4688.377048
80,80,SHERMAN OAKS NC,91495,http://www.shermanoaksnc.org/,http://empowerla.org/SONC,SONC@EmpowerLA.org,213-978-1551,26,2002/10/29 00:00:00+00,SHERMAN OAKS NC,navigatela/reports/nc_reports.cfm?id=26,REGION 4 - SOUTH EAST VALLEY,26,8.682369969,26,69157.30975,54110.52595,3824.628669,204.3038212,5569.700039,74.13485087,1979.335802,3394.680305,60311.02928,8846.280364,33719.78865,2361.893529,1487.203319,1626.342168,726.6053559,432.4189623,221.1848579,248.204588,1569.970344,2468.280745,3430.8461,3076.428024,3047.393968,2328.502761,2400.32914,2093.17089,816.6368787,1134.37192,844.9431603,713.7551183,1055.545299,632.0112058,487.5862182,516.1640018,35437.52103,2075.709865,1386.681196,1403.33354,748.7720513,340.8801124,302.2595873,265.1838868,1073.679934,3263.192506,3803.286772,3320.864114,2803.527085,2370.372396,2456.298822,2323.345283,964.141179,1218.528311,633.9504789,1252.058118,1124.551047,624.4708778,763.4562577,918.9776403,32929129.92,30270.8871,7965.257182
81,81,STUDIO CITY NC,91604,http://studiocitync.org/,http://empowerla.org/SCNC,SCNC@EmpowerLA.org,213-978-1551,27,2002/10/29 00:00:00+00,STUDIO CITY NC,navigatela/reports/nc_reports.cfm?id=27,REGION 4 - SOUTH EAST VALLEY,27,6.135673168,27,36923.66204,30126.42857,1855.571756,74.13672007,2661.840653,60.03860345,666.2932723,1479.352692,32645.60017,4278.061979,17874.7897,877.9538065,776.5578264,787.9655294,513.2033516,153.2857853,96.5272558,126.4224276,576.9631707,1671.276265,1805.82365,1312.101183,1760.218592,1592.917561,1426.281602,1161.199909,319.5513981,859.485749,267.9956437,472.5926917,485.2412816,284.4361253,274.2109406,272.5780304,19048.87245,1113.719204,1049.673472,621.1805683,444.8202525,268.5270943,177.2866843,218.0662805,913.7243126,1839.85179,1518.758348,1529.100028,1687.331899,1606.767947,1294.04109,1379.504354,428.5904046,429.1646031,206.9229221,599.703745,415.9184478,498.2371891,438.9161855,369.0656653,23264722.16,23609.12334,6017.866505
82,82,DEL REY NC,90292,http://delreync.org/,http://empowerla.org/DRNC,DRNC@EmpowerLA.org,213-978-1551,70,2003/10/28 00:00:00+00,DEL REY NC,navigatela/reports/nc_reports.cfm?id=70,REGION 11 - WEST LA,70,3.033717059,70,34529.53939,21624.93231,1508.090779,594.7322427,5799.0607,64.8756868,2885.09872,2052.748673,21937.28275,12592.25664,16533.80501,658.86876,1114.299986,729.3249485,427.4874776,326.8190879,276.2636918,93.62963527,752.5340714,1300.158725,2143.0761,1442.358931,1426.81083,1085.325819,944.1637421,862.8845694,470.2289583,401.3153017,266.5846099,423.9368303,541.2382381,340.5629996,295.3103559,210.6212721,17995.7344,1008.191543,587.8513126,747.6674509,428.5391044,372.4873146,92.71843969,187.1738775,722.3067656,2093.941607,1439.33398,1639.388079,1513.075389,1243.432985,985.3044274,1131.534333,367.781186,592.3763772,482.0244613,589.694604,621.4802483,325.5266585,292.6029628,531.3012246,11462133.71,21645.73706,11381.92479
83,83,GREATER WILSHIRE NC,90004,http://www.greaterwilshire.org/,http://empowerla.org/GWNC,GWNC@EmpowerLA.org,213-978-1551,119,2003/12/02 00:00:00+00,GREATER WILSHIRE NC,navigatela/reports/nc_reports.cfm?id=119,REGION 5 - CENTRAL 1,119,4.004559047,119,49233.79814,21896.82001,2114.662504,93.14038305,17039.60552,53.02682082,6334.28268,1702.260291,37999.53789,11234.26025,23336.78134,1227.887665,841.8821749,1332.510239,827.5442949,351.9869079,135.5180186,158.1691126,911.1975387,2156.814484,2466.072261,1913.508094,2115.316776,2060.654897,1626.944059,1370.588521,498.7419558,638.7028068,360.3460184,468.7756708,751.0358322,419.3621316,417.7506506,285.4711402,25897.01698,1257.973837,1413.135317,1369.893978,588.8253383,413.3868525,273.2145215,208.8374858,823.8077396,2374.962032,2198.469138,1845.362518,2224.03163,2055.58114,1735.382562,1865.201523,678.6502169,810.4783622,535.6752543,573.8592883,961.8430699,520.5309298,476.2840397,691.6301999,15159952.38,17674.35367,12294.4368
84,84,NORTHRIDGE EAST,91324,http://nenc-la.org/,http://empowerla.org/NENC,NENC@EmpowerLA.org,213-978-1551,120,2004/11/30 00:00:00+00,NORTHRIDGE EAST,navigatela/reports/nc_reports.cfm?id=120,REGION 2 - NORTH WEST VALLEY,120,4.220874568,120,29058.48795,17065.89699,2100.139539,74.66397947,5853.403066,43.33160645,2552.855002,1368.197548,22020.77997,7037.708019,14287.36891,649.6885626,593.6892137,616.716132,520.2248723,1008.124319,677.4472321,517.8107901,1279.705088,1337.426757,742.4614902,709.5904679,797.3273148,877.4182358,835.5126286,765.3210723,222.191799,399.2334197,200.9171342,293.9873206,316.3644103,321.7488907,307.063049,297.3986861,14771.11906,694.9770673,434.8563911,535.2170948,620.6866209,1434.309429,681.4146582,620.0515623,1060.035177,908.3209432,703.865634,647.5236818,686.5727031,974.5211809,899.1111072,814.1632611,331.5918653,454.4744708,269.3741553,340.3292552,352.7594508,447.3961768,284.177687,575.389413,16044512.43,22722.6709,6884.470856
85,85,NORTH HILLS WEST NC,91343,http://www.nhwnc.net/,http://empowerla.org/NHWNC,NHWNC@EmpowerLA.org,213-978-1551,111,2003/02/25 00:00:00+00,NORTH HILLS WEST NC,navigatela/reports/nc_reports.cfm?id=111,REGION 1 - NORTH EAST VALLEY,111,3.244037972,111,20640.20747,11663.43986,1005.048755,42.15604631,2922.512342,0.499992113,4074.249908,932.3007039,11535.5701,9104.637521,9814.528942,492.3022588,494.6942098,649.1159593,278.5538508,300.5812867,87.98314325,122.7467503,489.5410055,540.0834643,594.4156,741.4671757,920.9539601,745.6618044,805.1091946,655.1466465,249.7060152,374.2529521,212.1096505,252.1310359,331.7681544,263.4588746,93.02678829,119.719081,10825.67874,452.8883369,906.3470144,567.9256634,274.0464122,154.0880982,285.202288,73.64438361,503.9210605,696.6480834,700.4211004,813.5371231,831.543733,662.9838583,739.7222078,692.7230995,278.9951099,410.9482754,223.3307241,399.3109541,345.8282399,323.081885,285.6829984,202.858092,12328615.98,19095.8703,6362.504892
86,86,WILSHIRE CENTER - KOREATOWN NC,90005,http://wcknc.org/,http://empowerla.org/WCKNC,WCKNC@EmpowerLA.org,213-978-1551,55,2003/08/05 00:00:00+00,WILSHIRE CENTER - KOREATOWN NC,navigatela/reports/nc_reports.cfm?id=55,REGION 6 - CENTRAL 2,55,2.376009458,55,100128.3816,26921.05788,4814.531717,621.3833398,34278.45184,449.9104702,30470.45931,2572.587217,48687.62197,51440.75978,50524.51365,3347.638068,2621.635897,2569.800742,1444.350568,1069.151563,870.7147927,597.4769585,2685.459518,6007.647621,6232.407408,4057.002605,3898.15622,3801.22189,3388.606232,2385.09341,856.3602477,1152.766421,716.5245539,698.9909878,799.8926844,569.4743601,292.9023904,461.2384811,49603.86838,3473.248848,2770.249542,2430.872106,1372.168261,918.8215917,653.7784794,666.6435591,2612.928467,5483.507271,4618.298548,4106.39337,3671.131064,3441.794581,3310.660205,2923.503552,968.3351252,1345.992257,642.9098593,897.7976279,1256.885538,912.8816973,693.043029,432.023675,8994275.434,15137.58571,42141.407
87,87,SILVER LAKE NC,90026,http://silverlakenc.org/,http://empowerla.org/SLNC,SLNC@EmpowerLA.org,213-978-1551,38,2003/02/11 00:00:00+00,SILVER LAKE NC,navigatela/reports/nc_reports.cfm?id=38,REGION 7 - EAST,38,2.884422332,38,33848.29471,22261.52708,1224.263142,46.54259271,5066.216012,16.47487069,3960.744115,1272.526906,22465.39529,11382.89927,17444.00641,784.2813509,676.2339217,568.3086648,254.6517329,319.7866098,120.6456594,183.4398064,541.6951449,2239.039697,2170.145475,1728.81385,1502.833739,1397.258595,1386.582545,994.4499402,286.0112009,501.5520115,278.8760379,393.9330736,396.0691855,311.9260267,125.0195022,282.4526201,16404.28822,778.2038812,628.8918022,651.9187535,265.1139829,190.4445044,35.00527891,77.67492179,664.9901342,2167.174129,1898.426009,1401.878886,1600.109009,1017.822693,1042.613436,831.2987166,246.041659,484.4562621,287.2075043,518.9968809,423.3588906,424.5404339,347.1729769,420.947536,10925783.44,16108.40299,11734.86086
88,88,LA-32 NC,,http://www.la32nc.org/,http://empowerla.org/LA32,LA32NC@EmpowerLA.org,213-978-1551,48,2002/05/21 00:00:00+00,LA-32 NC,navigatela/reports/nc_reports.cfm?id=48,REGION 8 - NORTH EAST LA,48,4.918624877,48,47349.89709,20900.65841,854.6049014,450.9655943,4645.916299,45.92366561,19400.24838,1051.579892,9326.919461,38022.97756,23019.57394,1479.940452,1550.609705,1213.434308,1002.014131,745.5884546,475.9105031,386.4393497,1428.053322,2180.588025,1660.604119,1739.834034,1823.912174,1518.022742,1401.92186,1218.650006,316.1027256,702.1005492,406.927221,436.4270035,514.7073688,318.5465331,212.2139022,287.0254506,24330.32327,1552.68285,1489.524958,1226.830329,890.4178732,1200.199409,406.2843175,537.2245219,1035.645759,2065.322241,1776.330159,1553.152983,1510.36533,1509.226534,1428.418346,1361.521973,656.5631069,637.2469018,679.4099612,634.7497718,719.3257534,577.4944101,406.8252869,475.560377,18626318.79,22545.74298,9626.653439
89,89,ARROYO SECO NC,,http://www.asnc.us/,http://empowerla.org/ASNC,ASNC@EmpowerLA.org,213-978-1551,42,2002/10/02 00:00:00+00,ARROYO SECO NC,navigatela/reports/nc_reports.cfm?id=42,REGION 8 - NORTH EAST LA,42,2.92590131,42,20550.03111,10470.79803,801.7363054,152.9813015,3740.690492,20.80301998,4568.779306,794.2426695,10331.22002,10218.81115,9906.891818,609.3232894,612.1425766,482.7358445,226.0443138,155.7127852,62.65118234,98.48462548,512.6421114,820.9592597,805.9752187,766.6147763,848.4464398,793.2259174,578.606353,775.83628,202.1611756,273.3157478,202.601249,271.5430712,263.425931,190.7409459,165.2437773,188.4590032,10643.13917,603.9485438,639.9880927,406.5872075,247.0876913,180.4770488,112.6026396,37.8373552,414.4110321,915.4244574,924.5271718,874.5710811,827.6662924,717.6757473,578.1177071,716.081229,227.9921686,341.3627061,374.5227815,225.9898485,466.7685502,215.3017813,252.0367989,342.1612463,11084704.88,27840.45542,7023.48744
90,90,HISTORIC HIGHLAND PARK NC,90042,http://highlandparknc.com/,http://empowerla.org/HHPNC,HHPNC@EmpowerLA.org,213-978-1551,41,2002/05/28 00:00:00+00,HISTORIC HIGHLAND PARK NC,navigatela/reports/nc_reports.cfm?id=41,REGION 8 - NORTH EAST LA,41,4.210452001,41,56158.6953,27378.78943,1165.511232,941.9127299,6065.533703,120.9333273,18660.76804,1825.246706,16480.62597,39678.06909,27292.3202,1722.024449,2137.745688,1577.74962,1256.626673,790.367118,406.3976157,540.5406403,1203.649819,2549.587352,2488.57149,2040.827939,1965.752409,1940.568672,1460.380023,1443.999923,547.3391993,687.7215391,468.437711,539.1296305,609.3861075,416.9466364,231.5267247,267.0432831,28866.37472,1807.241392,1661.748959,1636.950174,1060.834836,927.3126409,446.2987622,445.4495468,1454.667549,2658.100254,2494.141891,2386.113978,1954.340056,1824.829497,1768.394991,1633.337187,479.5701561,1032.642577,397.4126214,630.0760408,771.7090158,428.157128,482.8922095,484.153353,15957112.16,29431.17884,13337.92555
91,91,GREATER CYPRESS PARK NC,90065, ,http://empowerla.org/GCPNC,GCPNC@EmpowerLA.org,213-978-1551,102,2002/11/19 00:00:00+00,GREATER CYPRESS PARK NC,navigatela/reports/nc_reports.cfm?id=102,REGION 8 - NORTH EAST LA,102,1.281061287,102,13416.3041,7218.982557,142.122318,165.0302221,1511.812122,13.11178111,4167.086077,198.1591562,2836.237499,10580.06671,6676.988761,443.2924059,451.9011554,444.8866065,301.5712496,161.6261437,26.15277831,164.9087676,332.6159481,551.9889476,714.6541732,353.5115869,581.093003,478.7193468,435.3013039,309.6550534,96.41894064,246.7868913,92.22935164,73.51996898,159.3788667,117.2011568,58.77174415,80.8034435,6739.315372,371.4400735,298.9732927,353.5158464,357.4081551,126.5912966,97.49250122,40.92489643,370.12275,521.9056933,478.1377831,639.5348623,444.8976682,414.6069999,451.3787533,506.2094388,208.5969243,128.2555082,96.3626768,128.6504153,304.870864,154.7395796,82.18634785,162.5130724,4852695.59,14608.62687,10472.80426
92,92,SOUTH ROBERTSON NC,90034,http://www.soronc.org/,http://empowerla.org/SORONC,SORONC@EmpowerLA.org,213-978-1551,61,2002/08/13 00:00:00+00,SOUTH ROBERTSON NC,navigatela/reports/nc_reports.cfm?id=61,REGION 11 - WEST LA,61,3.107965604,61,42945.74316,31811.42844,3105.178619,71.12004726,3931.903422,89.73141345,2247.443492,1688.937978,34003.37748,8942.365894,20895.23783,1290.445894,1115.307445,1328.082475,470.2044137,346.1462226,148.721188,153.0238007,922.5399084,2308.014665,2426.601428,1493.844595,1693.029705,1625.196154,1146.924669,964.4960633,489.7994163,673.5802909,291.9964994,499.2201796,527.3106625,302.6966774,348.6302324,329.4253364,22050.50548,1143.918619,929.6119063,1213.810622,737.7352056,282.5625286,137.0540279,187.4581632,1371.486637,2068.180652,2025.94811,1406.14188,1623.054273,1549.328771,1307.742472,1214.277283,572.2860739,575.8821699,391.2013922,450.0065911,930.3952938,809.7711783,331.8550587,790.796609,11758429.21,17337.97118,13817.9596
93,93,PARK MESA HEIGHTS CC,90043,http://www.pmhcc90043.org/Home.html,http://empowerla.org/PMHCC,PMHCC@EmpowerLA.org,213-978-1551,80,2002/03/23 00:00:00+00,PARK MESA HEIGHTS CC,navigatela/reports/nc_reports.cfm?id=80,REGION 10 - SOUTH LA 1,80,2.841591432,80,34788.72364,7169.487029,19740.05518,157.6165771,450.026437,40.39451231,6411.926429,819.2172062,21610.09822,13178.62521,16085.01227,927.1362082,864.881119,957.1800945,771.25937,443.42301,451.8090727,283.9205154,780.5791499,1272.184754,1171.626108,1189.419543,1122.924531,974.3422957,1141.437933,1242.83545,353.0907969,389.9027428,251.672829,310.4386727,412.0172498,284.2335104,254.1031515,234.5941247,18703.71133,972.5079608,941.3813377,1213.415708,630.5331211,298.7002146,282.7665078,119.0670276,700.2312149,1078.257354,1597.732568,988.0023483,1459.095859,1329.381789,1467.350978,1394.706155,422.6969692,522.6658632,557.8545697,615.4389969,727.571894,495.7980863,339.5543238,549.0004547,10736221.75,19301.41177,12242.69022
94,94,ZAPATA KING NC,90011,http://www.zapatakingnc.org/,http://empowerla.org/ZKNC, ,213-978-1551,125,2015/02/03 00:00:00+00,ZAPATA KING NC,navigatela/reports/nc_reports.cfm?id=125,REGION 9 - SOUTH LA 2,125,2.101669628,125,51268.55526,15873.21157,5485.98602,595.8088251,113.877775,128.8283253,28236.97601,833.8668545,6208.507342,45060.04756,25267.38995,2450.077263,2424.7026,2215.800296,1264.408678,886.8326213,405.6090904,446.8894604,1122.476972,2141.170957,2042.908577,2065.810285,2074.14966,1553.34271,1525.607767,994.9797744,337.2467217,480.029191,96.31665059,212.0359476,218.083194,160.2836954,117.5686192,31.05922985,26001.16513,2689.454733,2282.878531,2108.665535,1587.857574,932.0642291,625.1822412,360.0970579,1332.348061,2023.923328,1889.00242,1935.045079,1981.4461,1384.811166,1435.355187,1049.315236,268.6805433,433.1927687,235.1849966,317.4318144,316.9376002,472.8312459,190.4195647,149.0403249,7943530.773,11249.10133,24394.20286
95,101,GREATER ECHO PARK ELYSIAN NC,90026,http://gepenc.org/,http://empowerla.org/GEPENC,GEPENC@EmpowerLA.org,213-978-1551,44,2002/04/16 00:00:00+00,GREATER ECHO PARK ELYSIAN NC,navigatela/reports/nc_reports.cfm?id=44,REGION 7 - EAST,44,3.910820163,44,43499.90901,22771.92386,1452.812624,726.509904,7800.639656,63.28413912,9071.445226,1613.293519,19545.31716,23954.59163,21925.95478,1230.792623,1038.913641,1145.582322,715.2099633,551.7835378,241.9541732,267.5421578,1276.755623,2607.389587,2457.92926,2114.884748,1446.740093,1539.722979,1455.860128,1010.246766,472.323866,537.3302294,291.9210793,447.6611728,297.0037015,304.9818077,304.5101252,168.9152082,21573.95415,1085.369593,959.0738454,1224.789409,661.8868466,494.827657,321.8837335,219.2861288,1232.786229,2333.48612,2313.05822,1705.217419,1654.803937,1407.047061,1177.233249,1136.269255,430.283232,725.006486,262.8165607,463.5517294,614.5985736,465.0850068,402.6302749,282.9635768,14808796.93,21951.75092,11122.96326
96,102,HOLLYWOOD UNITED NC,,http://www.hollywoodunitednc.org/,http://empowerla.org/HUNC,HUNC@EmpowerLA.org,213-978-1551,30,2002/10/15 00:00:00+00,HOLLYWOOD UNITED NC,navigatela/reports/nc_reports.cfm?id=30,REGION 5 - CENTRAL 1,30,3.249585953,30,19661.49721,14278.78345,1367.133906,189.3017297,1449.986834,8,1497.118614,871.172645,16702.00561,2959.491686,10470.59919,320.8591016,167.7990759,320.5845642,100.3778779,131.0256697,70.13213739,108.5427159,469.2250029,1448.14538,1579.762076,936.509737,958.5311067,809.7816685,846.8763498,601.4752221,240.6981648,252.5571653,169.220568,223.041627,272.0506286,146.5402567,162.7817967,134.0813062,9190.898097,161.2505478,383.8202581,141.3539199,95.94375991,158.2487637,187.8643224,34.65212475,346.678734,1507.674335,1019.496298,776.8791679,774.7039432,704.5154257,537.121607,729.9710206,156.6159563,245.0718102,177.7728513,189.5275952,277.1482008,93.40677462,189.9318842,301.2487802,12316069.04,16302.21631,6050.462271
97,103,HERMON NC,95041,http://www.hermonla.org/,http://empowerla.org/hnc/,NULL,NULL,126,2017/05/25 00:00:00+00,HERMON NC,navigatela/reports/nc_reports.cfm?id=126,REGION 8 - NORTH EAST LA,126,0.473972846,126,4063.843133,1644.655793,242.8387909,2.149476948,773.0034896,1.378675248,1077.539464,322.2774354,1809.483641,2254.359474,2050.090105,111.7868156,129.0617728,153.4061512,88.77374395,42.9573015,44.5695337,49.98487478,75.84840119,154.1822164,146.5152999,131.3263216,173.4774588,149.7356781,121.7954777,139.2748115,17.17415483,52.84618343,77.81939697,29.82937387,31.22668748,41.7681786,53.28783249,33.44244981,2013.752994,182.0686408,100.9136049,53.9624726,20.72119526,43.07923979,40.16172338,36.66479702,65.27601724,140.7868824,188.0552145,158.8373373,214.4730197,207.0576469,157.9464044,92.76009653,21.69028641,46.46800887,18.79069015,70.76235268,71.74216247,32.81640397,19.55506648,29.16372839,1795915.102,6785.671735,8573.999892
